Workbook

Sheet AIDS A
A1: R. M. K. COLLEGE OF ENGINEERING AND TECHNOLOGY
A2: R. S. M NAGAR, PUDUVOYAL - 601 206
A3: Department of Science and Humanities
A4: I Semester B.E (Academic Year : 2025-26)
A5: Unit Test - II Result Analysis
A6: Branch & Section:AIDS - A
A7: Sl. No. | B7: Reg. No. | C7: Name | D7: G / M | E7: D/H | F7: Girl / Boy | G7: Cut off | H7: Maths | I7: Chem | J7: C++ | K7: SDP | L7: DPSD | M7: GPA | N7: No. of subjects failed | P7: absentees | Q7: Attendance
A8: 1 | B8: 111625201001 | C8: ABIJITH G S | D8: M | E8: H | F8: M | H8: A | I8: A | J8: 63 | K8: 30 | L8: 80 | M8: =sum(H8:L8)/5 -> 34.6 | N8: =((COUNTIF((H8:L8),"<50"))+(COUNTIF((H8:L8),"=A"))) -> 3 | O8: =IF((N8<1),"0","1") -> 1 | P8: =COUNTIF((H8:L8),"=A") -> 2 | Q8: 91
A9: 2 | B9: 111625201002 | C9: ABISHEK M | D9: G | E9: H | F9: M | H9: 67 | I9: 53.333333 | J9: 53 | K9: 60 | L9: 63 | M9: =sum(H9:L9)/5 -> 59.266667 | N9: =((COUNTIF((H9:L9),"<50"))+(COUNTIF((H9:L9),"=A"))) -> 0 | O9: =IF((N9<1),"0","1") -> 0 | P9: =COUNTIF((H9:L9),"=A") -> 0 | Q9: 100
A10: 3 | B10: 111625201003 | C10: ADDIPALLI LAHITH VARMA | D10: M | E10: H | F10: M | H10: 50 | I10: 50 | J10: 20 | K10: 30 | L10: 13 | M10: =sum(H10:L10)/5 -> 32.6 | N10: =((COUNTIF((H10:L10),"<50"))+(COUNTIF((H10:L10),"=A"))) -> 3 | O10: =IF((N10<1),"0","1") -> 1 | P10: =COUNTIF((H10:L10),"=A") -> 0 | Q10: 100
A11: 4 | B11: 111625201004 | C11: AJAY R V | D11: M | E11: D | F11: M | H11: 53 | I11: 73.333333 | J11: 63 | K11: 73 | L11: 67 | M11: =sum(H11:L11)/5 -> 65.866667 | N11: =((COUNTIF((H11:L11),"<50"))+(COUNTIF((H11:L11),"=A"))) -> 0 | O11: =IF((N11<1),"0","1") -> 0 | P11: =COUNTIF((H11:L11),"=A") -> 0 | Q11: 98
A12: 5 | B12: 111625201005 | C12: AKSHAYA K | D12: G | E12: D | F12: F | H12: 67 | I12: 70 | J12: 80 | K12: 77 | L12: 80 | M12: =sum(H12:L12)/5 -> 74.8 | N12: =((COUNTIF((H12:L12),"<50"))+(COUNTIF((H12:L12),"=A"))) -> 0 | O12: =IF((N12<1),"0","1") -> 0 | P12: =COUNTIF((H12:L12),"=A") -> 0 | Q12: 98
A13: 6 | B13: 111625201006 | C13: AKSHAYA R | D13: M | E13: H | F13: F | H13: 53 | I13: 93.333333 | J13: 77 | K13: 53 | L13: 90 | M13: =sum(H13:L13)/5 -> 73.266667 | N13: =((COUNTIF((H13:L13),"<50"))+(COUNTIF((H13:L13),"=A"))) -> 0 | O13: =IF((N13<1),"0","1") -> 0 | P13: =COUNTIF((H13:L13),"=A") -> 0 | Q13: 100
A14: 7 | B14: 111625201007 | C14: ANAGHA SRIRAM S | D14: M | E14: D | F14: F | H14: 77 | I14: 50 | J14: 63 | K14: 30 | L14: 50 | M14: =sum(H14:L14)/5 -> 54 | N14: =((COUNTIF((H14:L14),"<50"))+(COUNTIF((H14:L14),"=A"))) -> 1 | O14: =IF((N14<1),"0","1") -> 1 | P14: =COUNTIF((H14:L14),"=A") -> 0 | Q14: 96
A15: 8 | B15: 111625201008 | C15: ANIPIREDDY LEELA VISHNU REDDY | D15: M | E15: H | F15: M | H15: 50 | I15: 36.666667 | J15: 63 | K15: 17 | L15: 57 | M15: =sum(H15:L15)/5 -> 44.733333 | N15: =((COUNTIF((H15:L15),"<50"))+(COUNTIF((H15:L15),"=A"))) -> 2 | O15: =IF((N15<1),"0","1") -> 1 | P15: =COUNTIF((H15:L15),"=A") -> 0 | Q15: 96
A16: 9 | B16: 111625201009 | C16: ANISHA LAKSHMI G S | D16: M | E16: D | F16: F | H16: 77 | I16: 86.666667 | J16: 67 | K16: 77 | L16: 93 | M16: =sum(H16:L16)/5 -> 80.133333 | N16: =((COUNTIF((H16:L16),"<50"))+(COUNTIF((H16:L16),"=A"))) -> 0 | O16: =IF((N16<1),"0","1") -> 0 | P16: =COUNTIF((H16:L16),"=A") -> 0 | Q16: 98
A17: 10 | B17: 111625201010 | C17: ARAVIND ALAGAPPAN AR | D17: G | E17: D | F17: M | H17: 60 | I17: 66.666667 | J17: 67 | K17: 51 | L17: 87 | M17: =sum(H17:L17)/5 -> 66.333333 | N17: =((COUNTIF((H17:L17),"<50"))+(COUNTIF((H17:L17),"=A"))) -> 0 | O17: =IF((N17<1),"0","1") -> 0 | P17: =COUNTIF((H17:L17),"=A") -> 0 | Q17: 96
A18: 11 | B18: 111625201011 | C18: ARCHANA ANBAZHAGAN | D18: M | E18: D | F18: F | H18: 80 | I18: 70 | J18: 20 | K18: 60 | L18: 43 | M18: =sum(H18:L18)/5 -> 54.6 | N18: =((COUNTIF((H18:L18),"<50"))+(COUNTIF((H18:L18),"=A"))) -> 2 | O18: =IF((N18<1),"0","1") -> 1 | P18: =COUNTIF((H18:L18),"=A") -> 0 | Q18: 96
A19: 12 | B19: 111625201012 | C19: AREDDULA VARSHITH KUMAR | D19: M | E19: H | F19: M | H19: 60 | I19: 50 | J19: 50 | K19: 30 | L19: 50 | M19: =sum(H19:L19)/5 -> 48 | N19: =((COUNTIF((H19:L19),"<50"))+(COUNTIF((H19:L19),"=A"))) -> 1 | O19: =IF((N19<1),"0","1") -> 1 | P19: =COUNTIF((H19:L19),"=A") -> 0 | Q19: 96
A20: 13 | B20: 111625201013 | C20: ARIGELA LIKITH SRINIVAS | D20: M | E20: H | F20: M | H20: 7 | I20: 50 | J20: 50 | K20: 50 | L20: 40 | M20: =sum(H20:L20)/5 -> 39.4 | N20: =((COUNTIF((H20:L20),"<50"))+(COUNTIF((H20:L20),"=A"))) -> 2 | O20: =IF((N20<1),"0","1") -> 1 | P20: =COUNTIF((H20:L20),"=A") -> 0 | Q20: 98
... A24: 17 | B24: 111625201017 | C24: BAGAVATHI E | D24: G | E24: H | F24: M | H24: 20 | I24: 33.333333 | J24: 17 | K24: 23 | L24: 60 | M24: =sum(H24:L24)/5 -> 30.666667 | N24: =((COUNTIF((H24:L24),"<50"))+(COUNTIF((H24:L24),"=A"))) -> 4 | O24: =IF((N24<1),"0","1") -> 1 | P24: =COUNTIF((H24:L24),"=A") -> 0 | Q24: 100
A25: 18 | B25: 111625201018 | C25: BALAJI T | D25: G | E25: H | F25: M | H25: 67 | I25: 73.333333 | J25: 83 | K25: 33 | L25: 50 | M25: =sum(H25:L25)/5 -> 61.266667 | N25: =((COUNTIF((H25:L25),"<50"))+(COUNTIF((H25:L25),"=A"))) -> 1 | Q25: 100
A26: 19 | B26: 111625201019 | C26: BENARJI M | D26: M | E26: H | F26: M | H26: 70 | I26: 50 | J26: 60 | K26: 30 | L26: 87 | M26: =sum(H26:L26)/5 -> 59.4 | N26: =((COUNTIF((H26:L26),"<50"))+(COUNTIF((H26:L26),"=A"))) -> 1 | Q26: 100
A27: 20 | B27: 111625201020 | C27: BHAVITH SAI REDDY B | D27: M | E27: H | F27: M | H27: 73 | I27: 33.333333 | J27: 57 | K27: 63 | L27: 87 | M27: =sum(H27:L27)/5 -> 62.666667 | N27: =((COUNTIF((H27:L27),"<50"))+(COUNTIF((H27:L27),"=A"))) -> 1 | Q27: 100
A28: 21 | B28: 111625201021 | C28: BHOOMIKA P | D28: G | E28: D | F28: F | H28: 90 | I28: 83.333333 | J28: 90 | K28: 80 | L28: 100 | M28: =sum(H28:L28)/5 -> 88.666667 | N28: =((COUNTIF((H28:L28),"<50"))+(COUNTIF((H28:L28),"=A"))) -> 0 | Q28: 96
A29: 22 | B29: 111625201022 | C29: BHUVANA LAKSHMI B | D29: G | E29: D | F29: F | H29: 87 | I29: 66.666667 | J29: 70 | K29: 50 | L29: 97 | M29: =sum(H29:L29)/5 -> 74.133333 | N29: =((COUNTIF((H29:L29),"<50"))+(COUNTIF((H29:L29),"=A"))) -> 0 | Q29: 94
A30: 23 | B30: 111625201023 | C30: BHUVANESWARAN R | D30: G | E30: D | F30: M | H30: 80 | I30: 86.666667 | J30: 70 | K30: 70 | L30: 67 | M30: =sum(H30:L30)/5 -> 74.733333 | N30: =((COUNTIF((H30:L30),"<50"))+(COUNTIF((H30:L30),"=A"))) -> 0 | Q30: 98
A31: 24 | B31: 111625201024 | C31: BUSIREDDY CHAITANYA | D31: M | E31: H | F31: M | H31: 60 | I31: 33.333333 | J31: 40 | K31: 50 | L31: 63 | M31: =sum(H31:L31)/5 -> 49.266667 | N31: =((COUNTIF((H31:L31),"<50"))+(COUNTIF((H31:L31),"=A"))) -> 2 | Q31: 98
A32: 25 | B32: 111625201025 | C32: CHANDRU M | D32: G | E32: H | F32: M | H32: 53 | I32: 53.333333 | J32: 33 | K32: 7 | L32: 57 | M32: =sum(H32:L32)/5 -> 40.666667 | N32: =((COUNTIF((H32:L32),"<50"))+(COUNTIF((H32:L32),"=A"))) -> 2 | Q32: 100
A33: 26 | B33: 111625201026 | C33: CHANDULURU VASAVI | D33: M | E33: H | F33: F | H33: 87 | I33: 86.666667 | J33: 63 | K33: 50 | L33: 87 | M33: =sum(H33:L33)/5 -> 74.733333 | N33: =((COUNTIF((H33:L33),"<50"))+(COUNTIF((H33:L33),"=A"))) -> 0 | Q33: 100
A34: 27 | B34: 111625201027 | C34: CHATRESH B | D34: M | E34: H | F34: M | H34: 57 | I34: 20 | J34: 70 | K34: 30 | L34: 80 | M34: =sum(H34:L34)/5 -> 51.4 | N34: =((COUNTIF((H34:L34),"<50"))+(COUNTIF((H34:L34),"=A"))) -> 2 | Q34: 87
A35: 28 | B35: 111625201028 | C35: DAKA VENKATA HARSHA VARDHAN REDDY | D35: M | E35: H | F35: M | H35: 80 | I35: 53.333333 | J35: 57 | K35: 53 | L35: 93 | M35: =sum(H35:L35)/5 -> 67.266667 | N35: =((COUNTIF((H35:L35),"<50"))+(COUNTIF((H35:L35),"=A"))) -> 0 | Q35: 98
A36: 29 | B36: 111625201029 | C36: DEEKSHITHA S M | D36: M | E36: H | F36: F | H36: 73 | I36: 73.333333 | J36: 70 | K36: 63 | L36: 80 | M36: =sum(H36:L36)/5 -> 71.866667 | N36: =((COUNTIF((H36:L36),"<50"))+(COUNTIF((H36:L36),"=A"))) -> 0 | Q36: 100
... A45: 38 | B45: 111625201038 | C45: DINESH N | D45: M | E45: H | F45: M | H45: 50 | I45: 60 | J45: 57 | K45: 33 | L45: 70 | M45: =sum(H45:L45)/5 -> 54 | N45: =((COUNTIF((H45:L45),"<50"))+(COUNTIF((H45:L45),"=A"))) -> 1 | Q45: 100
A46: 39 | B46: 111625201039 | C46: DIVYA DHARSHINI C | D46: G | E46: D | F46: F | H46: 97 | I46: A | J46: 90 | K46: 57 | L46: 60 | M46: =sum(H46:L46)/5 -> 60.8 | N46: =((COUNTIF((H46:L46),"<50"))+(COUNTIF((H46:L46),"=A"))) -> 1 | Q46: 91
A47: 40 | B47: 111625201040 | C47: DIVYA T | D47: G | E47: H | F47: F | H47: 90 | I47: 90 | J47: 53 | K47: 84 | L47: 97 | M47: =sum(H47:L47)/5 -> 82.8 | N47: =((COUNTIF((H47:L47),"<50"))+(COUNTIF((H47:L47),"=A"))) -> 0 | Q47: 100
A48: 41 | B48: 111625201041 | C48: DONDETI BHARATH KUMAR REDDY | D48: M | E48: H | F48: M | H48: 33 | I48: 53.333333 | J48: 50 | K48: 27 | L48: 80 | M48: =sum(H48:L48)/5 -> 48.666667 | N48: =((COUNTIF((H48:L48),"<50"))+(COUNTIF((H48:L48),"=A"))) -> 2 | Q48: 100
A49: 42 | B49: 111625201042 | C49: DONDETI REVANTH REDDY | D49: M | E49: H | F49: M | H49: 60 | I49: 66.666667 | J49: 53 | K49: 9 | L49: 83 | M49: =sum(H49:L49)/5 -> 54.333333 | N49: =((COUNTIF((H49:L49),"<50"))+(COUNTIF((H49:L49),"=A"))) -> 1 | O49: =IF((N49<1),"0","1") -> 1 | P49: =COUNTIF((H49:L49),"=A") -> 0 | Q49: 100
A50: 43 | B50: 111625201043 | C50: DUVVURU DEEKSHITHA | D50: M | E50: H | F50: F | H50: 73 | I50: 83.333333 | J50: 53 | K50: 52 | L50: 80 | M50: =sum(H50:L50)/5 -> 68.266667 | N50: =((COUNTIF((H50:L50),"<50"))+(COUNTIF((H50:L50),"=A"))) -> 0 | O50: =IF((N50<1),"0","1") -> 0 | P50: =COUNTIF((H50:L50),"=A") -> 0 | Q50: 98
A51: 44 | B51: 111625201044 | C51: GANESH PRASATH J | D51: M | E51: D | F51: M | H51: 13 | I51: 33.333333 | J51: A | K51: 50 | L51: 63 | M51: =sum(H51:L51)/5 -> 31.866667 | N51: =((COUNTIF((H51:L51),"<50"))+(COUNTIF((H51:L51),"=A"))) -> 3 | O51: =IF((N51<1),"0","1") -> 1 | P51: =COUNTIF((H51:L51),"=A") -> 1 | Q51: 87
A52: 45 | B52: 111625201045 | C52: GEETHALAKSHMI B | D52: G | E52: H | F52: F | H52: 53 | I52: 86.666667 | J52: 87 | K52: 74 | L52: 93 | M52: =sum(H52:L52)/5 -> 78.733333 | N52: =((COUNTIF((H52:L52),"<50"))+(COUNTIF((H52:L52),"=A"))) -> 0 | O52: =IF((N52<1),"0","1") -> 0 | P52: =COUNTIF((H52:L52),"=A") -> 0 | Q52: 100
A53: 46 | B53: 111625201046 | C53: GIRI P | D53: M | E53: H | F53: M | H53: 23 | I53: 16.666667 | J53: 53 | K53: 33 | L53: 13 | M53: =sum(H53:L53)/5 -> 27.733333 | N53: =((COUNTIF((H53:L53),"<50"))+(COUNTIF((H53:L53),"=A"))) -> 4 | O53: =IF((N53<1),"0","1") -> 1 | P53: =COUNTIF((H53:L53),"=A") -> 0 | Q53: 98
A54: 47 | B54: 111625201047 | C54: GOLI VENKATA SUJITH | D54: M | E54: H | F54: M | H54: 13 | I54: 36.666667 | J54: 73 | K54: 7 | L54: 37 | M54: =sum(H54:L54)/5 -> 33.333333 | N54: =((COUNTIF((H54:L54),"<50"))+(COUNTIF((H54:L54),"=A"))) -> 4 | O54: =IF((N54<1),"0","1") -> 1 | P54: =COUNTIF((H54:L54),"=A") -> 0 | Q54: 100
A55: 48 | B55: 111625201048 | C55: GOLLA NITHYA SRI | D55: M | E55: H | F55: F | H55: 70 | I55: 90 | J55: 87 | K55: 90 | L55: 97 | M55: =sum(H55:L55)/5 -> 86.8 | N55: =((COUNTIF((H55:L55),"<50"))+(COUNTIF((H55:L55),"=A"))) -> 0 | O55: =IF((N55<1),"0","1") -> 0 | P55: =COUNTIF((H55:L55),"=A") -> 0 | Q55: 98
A56: 49 | B56: 111625201049 | C56: GOPI CHANDH K P | D56: M | E56: H | F56: M | H56: 67 | I56: 56.666667 | J56: 37 | K56: 27 | L56: 7 | M56: =sum(H56:L56)/5 -> 38.933333 | N56: =((COUNTIF((H56:L56),"<50"))+(COUNTIF((H56:L56),"=A"))) -> 3 | O56: =IF((N56<1),"0","1") -> 1 | P56: =COUNTIF((H56:L56),"=A") -> 0 | Q56: 98
A57: 50 | B57: 111625201050 | C57: GOWTHAM G | D57: G | E57: D | F57: M | H57: 60 | I57: 80 | J57: 80 | K57: 27 | L57: 73 | M57: =sum(H57:L57)/5 -> 64 | N57: =((COUNTIF((H57:L57),"<50"))+(COUNTIF((H57:L57),"=A"))) -> 1 | O57: =IF((N57<1),"0","1") -> 1 | P57: =COUNTIF((H57:L57),"=A") -> 0 | Q57: 100
A58: 51 | B58: 111625201051 | C58: GOWTHAM M V | D58: M | E58: D | F58: M | H58: 33 | I58: 50 | J58: 43 | K58: 37 | L58: 57 | M58: =sum(H58:L58)/5 -> 44 | N58: =((COUNTIF((H58:L58),"<50"))+(COUNTIF((H58:L58),"=A"))) -> 3 | O58: =IF((N58<1),"0","1") -> 1 | P58: =COUNTIF((H58:L58),"=A") -> 0 | Q58: 94
A59: 52 | B59: 111625201052 | C59: HARIHARASUTHAN N | D59: M | E59: H | F59: M | H59: 63 | I59: 53.333333 | J59: 50 | K59: 50 | L59: 63 | M59: =sum(H59:L59)/5 -> 55.866667 | N59: =((COUNTIF((H59:L59),"<50"))+(COUNTIF((H59:L59),"=A"))) -> 0 | O59: =IF((N59<1),"0","1") -> 0 | P59: =COUNTIF((H59:L59),"=A") -> 0 | Q59: 94
A60: 53 | B60: 111625201053 | C60: HARSHITHA K | D60: M | E60: H | F60: F | H60: 57 | I60: 70 | J60: 77 | K60: 63 | L60: 73 | M60: =sum(H60:L60)/5 -> 68 | N60: =((COUNTIF((H60:L60),"<50"))+(COUNTIF((H60:L60),"=A"))) -> 0 | O60: =IF((N60<1),"0","1") -> 0 | P60: =COUNTIF((H60:L60),"=A") -> 0 | Q60: 100
A61: 54 | B61: 111625201054 | C61: HARSHITHA V | D61: G | E61: D | F61: F | H61: 80 | I61: 83 | J61: 70 | K61: 50 | L61: 90 | M61: =sum(H61:L61)/5 -> 74.6 | N61: =((COUNTIF((H61:L61),"<50"))+(COUNTIF((H61:L61),"=A"))) -> 0 | O61: =IF((N61<1),"0","1") -> 0 | P61: =COUNTIF((H61:L61),"=A") -> 0 | Q61: 100
A62: 55 | B62: 111625201055 | C62: HASINI S | D62: G | E62: D | F62: F | H62: 80 | I62: 53.333333 | J62: 73 | K62: 67 | L62: 67 | M62: =sum(H62:L62)/5 -> 68.066667 | N62: =((COUNTIF((H62:L62),"<50"))+(COUNTIF((H62:L62),"=A"))) -> 0 | O62: =IF((N62<1),"0","1") -> 0 | P62: =COUNTIF((H62:L62),"=A") -> 0 | Q62: 91
A63: 56 | B63: 111625201056 | C63: HEENA S V | D63: M | E63: D | F63: F | H63: 60 | I63: 80 | J63: 50 | K63: 80 | L63: 50 | M63: =sum(H63:L63)/5 -> 64 | N63: =((COUNTIF((H63:L63),"<50"))+(COUNTIF((H63:L63),"=A"))) -> 0 | O63: =IF((N63<1),"0","1") -> 0 | P63: =COUNTIF((H63:L63),"=A") -> 0 | Q63: 98
... A69: 62 | B69: 111625201062 | C69: JALADANKI VENKATA MIGNESH NAIDU | D69: M | E69: H | F69: M | H69: 60 | I69: 60 | J69: 60 | K69: 27 | L69: 80 | M69: =sum(H69:L69)/5 -> 57.4 | N69: =((COUNTIF((H69:L69),"<50"))+(COUNTIF((H69:L69),"=A"))) -> 1 | O69: =IF((N69<1),"0","1") -> 1 | P69: =COUNTIF((H69:L69),"=A") -> 0 | Q69: 96
C71: Total No. of Students | H71: =COUNT(A8:A69) -> 62 | I71: =COUNT(A8:A69) -> 62 | J71: =COUNT(A8:A69) -> 62 | K71: =COUNT(A8:A69) -> 62 | L71: =COUNT(A8:A69) -> 62
C72: Total No. of Appeared | H72: =H71-H73 -> 61 | I72: =I71-I73 -> 60 | J72: =J71-J73 -> 61 | K72: =K71-K73 -> 62 | L72: =L71-L73 -> 62
C73: Total No. of Absentees | H73: =(COUNTIF((H8:H69),"=A")) -> 1 | I73: =(COUNTIF((I8:I69),"=A")) -> 2 | J73: =(COUNTIF((J8:J69),"=A")) -> 1 | K73: =(COUNTIF((K8:K69),"=A")) -> 0 | L73: =(COUNTIF((L8:L69),"=A")) -> 0
C74: Total No. of Passes | H74: =H71-(H75+H73) -> 54 | I74: =I71-(I75+I73) -> 51 | J74: =J71-(J75+J73) -> 52 | K74: =K71-(K75+K73) -> 38 | L74: =L71-(L75+L73) -> 55
C75: Total No. of Failures | H75: =(COUNTIF((H8:H69),"<50")) -> 7 | I75: =COUNTIF((I8:I69),"<50") -> 9 | J75: =COUNTIF((J8:J69),"<50") -> 9 | K75: =COUNTIF((K8:K69),"<50") -> 24 | L75: =COUNTIF((L8:L69),"<50") -> 7
C76: Pass % | H76: =(H74/H72)*100 -> 88.52459 | I76: =(I74/I72)*100 -> 85 | J76: =(J74/J72)*100 -> 85.245902 | K76: =(K74/K72)*100 -> 61.290323 | L76: =(L74/L72)*100 -> 88.709677
C77: Failed only in | H77: =COUNTIFS(N8:N69,"=1", H8:H69,"<50")+COUNTIFS(N8:N69,"=1", H8:H69,"=A") -> 0 | I77: =COUNTIFS(N8:N69,"=1", I8:I69,"<50")+COUNTIFS(N8:N69,"=1", I8:I69,"=A") -> 2 | J77: =COUNTIFS(N8:N69,"=1", J8:J69,"<50")+COUNTIFS(N8:N69,"=1", J8:J69,"=A") -> 0 | K77: =COUNTIFS(N8:N69,"=1", K8:K69,"<50")+COUNTIFS(N8:N69,"=1", K8:K69,"=A") -> 9 | L77: =COUNTIFS(N8:N69,"=1", L8:L69,"<50")+COUNTIFS(N8:N69,"=1", L8:L69,"=A") -> 0
C79: Overall Pass | H79: =COUNTIF((N8:N69),"=0") -> 32
C80: Overall Fail | H80: =(COUNTIF((N8:N69),">0")) -> 30
C81: Overall Absentees | H81: =(COUNTIF((P8:P69),"=5")) -> 0
C82: Overall Appeared | H82: =COUNT(A8:A69)-H81 -> 62
C83: Overall Pass % | H83: =(H79/H82)*100 -> 51.612903
C84: Highest Mark | H84: =max(M8:M69) -> 88.666667
B87: Hotel / D | C87: No. of H Students Failed | H87: =COUNTIFS(N8:N69,">0", E8:E69,"=H") -> 21 | I87: =(H74-H87)/H74*100 -> 61.111111
C88: No. of D Students Failed | H88: =COUNTIFS(N8:N69,">0", E8:E69,"=D") -> 9 | I88: =(H74-H88)/H74*100 -> 83.333333
B89: G / Mgnt | C89: No. of G quota Students Failed | H89: =COUNTIFS(N8:N69,">0", D8:D69,"=G") -> 5 | I89: =(H74-H89)/H74*100 -> 90.740741
C90: No. of M Students Failed | H90: =COUNTIFS(N8:N69,">0", D8:D69,"=M") -> 25 | I90: =(H74-H90)/H74*100 -> 53.703704
B91: Tamil / Medium | C91: No. of Tamil Medium Students Failed | H91: =COUNTIFS(N8:N69,">0", #REF!,"=T") -> #VALUE! | I91: =(H74-H91)/H74*100 -> #VALUE!
C92: No. of English medium students Failed | H92: =COUNTIFS(N8:N69,">0", #REF!,"=E") -> #VALUE! | I92: =(H74-H92)/H74*100 -> #VALUE!
B93: Girls / Boys | C93: No. of Girls Failed | H93: =COUNTIFS(N8:N69,">0", F8:F69,"=G") -> 0 | I93: =(H76-H93)/H76*100 -> 100
C94: No. of Boys Failed | H94: =COUNTIFS(N8:N69,">0", F8:F69,"=B") -> 0 | I94: =(H76-H94)/H76*100 -> 100
C96: Category | H96: GIRLS | I96: BOYS | J96: MGT | K96: GVT | L96: DAYSCHOLAR | M96: Hostel
C97: Total No. of Students | H97: =COUNTIF(F8:F69,"=F") -> 25 | I97: =(COUNTIF((F8:F69),"=M")) -> 37 | J97: =(COUNTIF((D8:D69),"=M")) -> 42 | K97: =(COUNTIF((D8:D69),"=G")) -> 20 | L97: =(COUNTIF((E8:E69),"=D")) -> 23 | M97: =(COUNTIF((E8:E70),"=H")) -> 39
C98: No. of Students Pass | H98: =COUNTIFS(N8:N69,"=0", F8:F69,"=F") -> 20 | I98: =COUNTIFS(N8:N69,"=0", F8:F69,"=M") -> 12 | J98: =COUNTIFS(N8:N69,"=0", D8:D69,"=M") -> 17 | K98: =COUNTIFS(N8:N69,"=0", D8:D69,"=G") -> 15 | L98: =COUNTIFS(N8:N69,"=0", E8:E69,"=D") -> 14 | M98: =COUNTIFS(N8:N70,"=0", E8:E70,"=H") -> 18
C99: No. of students failed | H99: =H97-H98 -> 5 | I99: =I97-I98 -> 25 | J99: =J97-J98 -> 25 | K99: =K97-K98 -> 5 | L99: =L97-L98 -> 9 | M99: =M97-M98 -> 21
C100: % of Pass | H100: =(H98/H97)*100 -> 80 | I100: =(I98/I97)*100 -> 32.432432 | J100: =(J98/J97)*100 -> 40.47619 | K100: =(K98/K97)*100 -> 75 | L100: =(L98/L97)*100 -> 60.869565 | M100: =(M98/M97)*100 -> 46.153846

Sheet AIDS B
A1: R. M. K. COLLEGE OF ENGINEERING AND TECHNOLOGY
A2: R. S. M NAGAR, PUDUVOYAL - 601 206
A3: Department of Science and Humanities
A4: I Semester B.E (Academic Year : 2025-26)
A5: Unit Test - II Result Analysis
A6: Branch & Section: AIDS - B
A7: Sl. No. | B7: Reg. No. | C7: Name | D7: G / M | E7: D/H | F7: Girl / Boy | G7: Cut off | H7: Maths | I7: Chem | J7: C++ | K7: SDP | L7: DPSD | M7: GPA | N7: No. of subjects failed | P7: absentees | Q7: Attendance
A8: 1 | B8: 111625201063 | C8: JANANI B | D8: G | E8: D | F8: F | H8: 98 | I8: 77 | J8: 96 | K8: 83.333333 | L8: 83 | M8: =sum(H8:L8)/5 -> 87.466667 | N8: =((COUNTIF((H8:L8),"<50"))+(COUNTIF((H8:L8),"=A"))) -> 0 | O8: =IF((N8<1),"0","1") -> 0 | P8: =COUNTIF((H8:L8),"=A") -> 0 | Q8: 98
A9: 2 | B9: 111625201064 | C9: JANANI S | D9: M | E9: D | F9: F | H9: 81 | I9: 60 | J9: 63 | K9: A | L9: 63 | M9: =sum(H9:L9)/5 -> 53.4 | N9: =((COUNTIF((H9:L9),"<50"))+(COUNTIF((H9:L9),"=A"))) -> 1 | O9: =IF((N9<1),"0","1") -> 1 | P9: =COUNTIF((H9:L9),"=A") -> 1 | Q9: 94
A10: 3 | B10: 111625201065 | C10: JEEVARATHINAM M | D10: M | E10: D | F10: M | H10: 50 | I10: 80 | J10: 36 | K10: 60 | L10: 73 | M10: =sum(H10:L10)/5 -> 59.8 | N10: =((COUNTIF((H10:L10),"<50"))+(COUNTIF((H10:L10),"=A"))) -> 1 | O10: =IF((N10<1),"0","1") -> 1 | P10: =COUNTIF((H10:L10),"=A") -> 0 | Q10: 98
A11: 4 | B11: 111625201066 | C11: JEFFRIN M | D11: G | E11: H | F11: F | H11: 74 | I11: 90 | J11: 86 | K11: 90 | L11: 83 | M11: =sum(H11:L11)/5 -> 84.6 | N11: =((COUNTIF((H11:L11),"<50"))+(COUNTIF((H11:L11),"=A"))) -> 0 | O11: =IF((N11<1),"0","1") -> 0 | P11: =COUNTIF((H11:L11),"=A") -> 0 | Q11: 100
A12: 5 | B12: 111625201067 | C12: JERRIPOTHU VENKATA SAI KRISHNA | D12: M | E12: H | F12: M | H12: 60 | I12: 73 | J12: 50 | K12: 26.666667 | L12: 43 | M12: =sum(H12:L12)/5 -> 50.533333 | N12: =((COUNTIF((H12:L12),"<50"))+(COUNTIF((H12:L12),"=A"))) -> 2 | O12: =IF((N12<1),"0","1") -> 1 | P12: =COUNTIF((H12:L12),"=A") -> 0 | Q12: 100
A13: 6 | B13: 111625201068 | C13: JYOSHITHA N M | D13: M | E13: H | F13: F | H13: 12 | I13: 80 | J13: 23 | K13: 73.333333 | L13: 50 | M13: =sum(H13:L13)/5 -> 47.666667 | N13: =((COUNTIF((H13:L13),"<50"))+(COUNTIF((H13:L13),"=A"))) -> 2 | O13: =IF((N13<1),"0","1") -> 1 | P13: =COUNTIF((H13:L13),"=A") -> 0 | Q13: 100
A14: 7 | B14: 111625201069 | C14: KAILASH S | D14: M | E14: D | F14: M | H14: 50 | I14: 50 | J14: 66 | K14: 60 | L14: 50 | M14: =sum(H14:L14)/5 -> 55.2 | N14: =((COUNTIF((H14:L14),"<50"))+(COUNTIF((H14:L14),"=A"))) -> 0 | O14: =IF((N14<1),"0","1") -> 0 | P14: =COUNTIF((H14:L14),"=A") -> 0 | Q14: 96
A15: 8 | B15: 111625201070 | C15: KAMALESH S | D15: G | E15: D | F15: M | H15: 50 | I15: 53 | J15: 67 | K15: 16.666667 | L15: 50 | M15: =sum(H15:L15)/5 -> 47.333333 | N15: =((COUNTIF((H15:L15),"<50"))+(COUNTIF((H15:L15),"=A"))) -> 1 | O15: =IF((N15<1),"0","1") -> 1 | P15: =COUNTIF((H15:L15),"=A") -> 0 | Q15: 100
A16: 9 | B16: 111625201071 | C16: KAMESH H | D16: M | E16: H | F16: M | H16: 50 | I16: 63 | J16: 37 | K16: 50 | L16: 50 | M16: =sum(H16:L16)/5 -> 50 | N16: =((COUNTIF((H16:L16),"<50"))+(COUNTIF((H16:L16),"=A"))) -> 1 | O16: =IF((N16<1),"0","1") -> 1 | P16: =COUNTIF((H16:L16),"=A") -> 0 | Q16: 100
A17: 10 | B17: 111625201072 | C17: KANCHARALA VENKATA MOHAN REDDDY | D17: M | E17: H | F17: M | H17: 52 | I17: 50 | J17: 19 | K17: 36.666667 | L17: 50 | M17: =sum(H17:L17)/5 -> 41.533333 | N17: =((COUNTIF((H17:L17),"<50"))+(COUNTIF((H17:L17),"=A"))) -> 2 | O17: =IF((N17<1),"0","1") -> 1 | P17: =COUNTIF((H17:L17),"=A") -> 0 | Q17: 98
A18: 11 | B18: 111625201073 | C18: KANESKA S M | D18: G | E18: H | F18: F | H18: 51 | I18: 53 | J18: 3 | K18: 50 | L18: 50 | M18: =sum(H18:L18)/5 -> 41.4 | N18: =((COUNTIF((H18:L18),"<50"))+(COUNTIF((H18:L18),"=A"))) -> 1 | O18: =IF((N18<1),"0","1") -> 1 | P18: =COUNTIF((H18:L18),"=A") -> 0 | Q18: 94
A19: 12 | B19: 111625201074 | C19: KANI MOZHI R | D19: G | E19: H | F19: F | H19: 53 | I19: 87 | J19: 96 | K19: 83.333333 | L19: 77 | M19: =sum(H19:L19)/5 -> 79.266667 | N19: =((COUNTIF((H19:L19),"<50"))+(COUNTIF((H19:L19),"=A"))) -> 0 | O19: =IF((N19<1),"0","1") -> 0 | P19: =COUNTIF((H19:L19),"=A") -> 0 | Q19: 100
A20: 13 | B20: 111625201075 | C20: KASU RAKESH REDDY | D20: M | E20: H | F20: M | H20: 54 | I20: 27 | J20: 16 | K20: 20 | L20: 3 | M20: =sum(H20:L20)/5 -> 24 | N20: =((COUNTIF((H20:L20),"<50"))+(COUNTIF((H20:L20),"=A"))) -> 4 | O20: =IF((N20<1),"0","1") -> 1 | P20: =COUNTIF((H20:L20),"=A") -> 0 | Q20: 98
A21: 14 | B21: 111625201076 | C21: KAVIARASI D | D21: G | E21: D | F21: F | H21: 50 | I21: 50 | J21: 13 | K21: 66.666667 | L21: 50 | M21: =sum(H21:L21)/5 -> 45.933333 | N21: =((COUNTIF((H21:L21),"<50"))+(COUNTIF((H21:L21),"=A"))) -> 1 | O21: =IF((N21<1),"0","1") -> 1 | P21: =COUNTIF((H21:L21),"=A") -> 0 | Q21: 98
A22: 15 | B22: 111625201077 | C22: KAVIYA SRI V | D22: G | E22: D | F22: F | H22: 88 | I22: 83 | J22: 83 | K22: 86.666667 | L22: 100 | M22: =sum(H22:L22)/5 -> 88.133333 | N22: =((COUNTIF((H22:L22),"<50"))+(COUNTIF((H22:L22),"=A"))) -> 0 | O22: =IF((N22<1),"0","1") -> 0 | P22: =COUNTIF((H22:L22),"=A") -> 0 | Q22: 100
A23: 16 | B23: 111625201078 | C23: KESAVARAJ S | D23: G | E23: H | F23: M | H23: 56 | I23: 63 | J23: 80 | K23: 76.666667 | L23: 50 | M23: =sum(H23:L23)/5 -> 65.133333 | N23: =((COUNTIF((H23:L23),"<50"))+(COUNTIF((H23:L23),"=A"))) -> 0 | Q23: 100
A24: 17 | B24: 111625201079 | C24: KETHU BHUVANESWARI | D24: M | E24: H | F24: F | H24: 74 | I24: 57 | J24: 50 | K24: 60 | L24: 73 | M24: =sum(H24:L24)/5 -> 62.8 | N24: =((COUNTIF((H24:L24),"<50"))+(COUNTIF((H24:L24),"=A"))) -> 0 | Q24: 100
A25: 18 | B25: 111625201080 | C25: KETHU JYOTHISWAR REDDY | D25: M | E25: H | F25: M | H25: 95 | I25: 90 | J25: 87 | K25: 75 | L25: 53 | M25: =sum(H25:L25)/5 -> 80 | N25: =((COUNTIF((H25:L25),"<50"))+(COUNTIF((H25:L25),"=A"))) -> 0 | Q25: 94
A26: 19 | B26: 111625201081 | C26: KOLAMALA JAHNAVI | D26: M | E26: H | F26: F | H26: 100 | I26: 83 | J26: 63 | K26: 83.333333 | L26: 97 | M26: =sum(H26:L26)/5 -> 85.266667 | N26: =((COUNTIF((H26:L26),"<50"))+(COUNTIF((H26:L26),"=A"))) -> 0 | Q26: 100
A27: 20 | B27: 111625201082 | C27: KOMMI SAI VARNIKA | D27: M | E27: H | F27: F | H27: 52 | I27: 77 | J27: 26 | K27: 26.666667 | L27: 97 | M27: =sum(H27:L27)/5 -> 55.733333 | N27: =((COUNTIF((H27:L27),"<50"))+(COUNTIF((H27:L27),"=A"))) -> 2 | Q27: 100
A28: 21 | B28: 111625201083 | C28: KONDURU SUSMITHA | D28: M | E28: H | F28: F | H28: 50 | I28: 63 | J28: 50 | K28: 80 | L28: 60 | M28: =sum(H28:L28)/5 -> 60.6 | N28: =((COUNTIF((H28:L28),"<50"))+(COUNTIF((H28:L28),"=A"))) -> 0 | Q28: 100
A29: 22 | B29: 111625201084 | C29: KOTA SAI CHARAN | D29: M | E29: H | F29: M | H29: 11 | I29: 50 | J29: 0 | K29: 26.666667 | L29: 37 | M29: =sum(H29:L29)/5 -> 24.933333 | N29: =((COUNTIF((H29:L29),"<50"))+(COUNTIF((H29:L29),"=A"))) -> 4 | Q29: 100
A30: 23 | B30: 111625201085 | C30: KRISHKA M | D30: G | E30: D | F30: F | H30: 53 | I30: 80 | J30: 76 | K30: 53.333333 | L30: 77 | M30: =sum(H30:L30)/5 -> 67.866667 | N30: =((COUNTIF((H30:L30),"<50"))+(COUNTIF((H30:L30),"=A"))) -> 0 | Q30: 98
A31: 24 | B31: 111625201086 | C31: LAKSHANIKA S T K | D31: M | E31: D | F31: F | H31: 74 | I31: 77 | J31: 100 | K31: 83.333333 | L31: 97 | M31: =sum(H31:L31)/5 -> 86.266667 | N31: =((COUNTIF((H31:L31),"<50"))+(COUNTIF((H31:L31),"=A"))) -> 0 | Q31: 96
A32: 25 | B32: 111625201087 | C32: LAKSHMI NARAYANAN S B | D32: M | E32: D | F32: M | H32: 60 | I32: 53 | J32: 50 | K32: 26.666667 | L32: 50 | M32: =sum(H32:L32)/5 -> 47.933333 | N32: =((COUNTIF((H32:L32),"<50"))+(COUNTIF((H32:L32),"=A"))) -> 1 | Q32: 98
A33: 26 | B33: 111625201088 | C33: LEKHA G | D33: G | E33: D | F33: F | H33: 77 | I33: 87 | J33: 96 | K33: 76.666667 | L33: 100 | M33: =sum(H33:L33)/5 -> 87.333333 | N33: =((COUNTIF((H33:L33),"<50"))+(COUNTIF((H33:L33),"=A"))) -> 0 | Q33: 98
A34: 27 | B34: 111625201089 | C34: LEKKALA PRANATHI | D34: M | E34: H | F34: F | H34: 74 | I34: 77 | J34: 73 | K34: 90 | L34: 67 | M34: =sum(H34:L34)/5 -> 76.2 | N34: =((COUNTIF((H34:L34),"<50"))+(COUNTIF((H34:L34),"=A"))) -> 0 | Q34: 100
... A39: 32 | B39: 111625201094 | C39: MADHAN KUMAR | D39: G | E39: H | F39: M | H39: 88 | I39: 83 | J39: 90 | K39: 80 | L39: 80 | M39: =sum(H39:L39)/5 -> 84.2 | N39: =((COUNTIF((H39:L39),"<50"))+(COUNTIF((H39:L39),"=A"))) -> 0 | Q39: 100
A40: 33 | B40: 111625201095 | C40: MANOJ SAMUEL S | D40: M | E40: D | F40: M | H40: 28 | I40: 60 | J40: A | K40: 26.666667 | L40: 23 | M40: =sum(H40:L40)/5 -> 27.533333 | N40: =((COUNTIF((H40:L40),"<50"))+(COUNTIF((H40:L40),"=A"))) -> 4 | Q40: 83
A41: 34 | B41: 111625201096 | C41: MELLAKANTI RUCHITHA | D41: M | E41: H | F41: F | H41: 50 | I41: 63 | J41: 30 | K41: 20 | L41: 27 | M41: =sum(H41:L41)/5 -> 38 | N41: =((COUNTIF((H41:L41),"<50"))+(COUNTIF((H41:L41),"=A"))) -> 3 | Q41: 94
A42: 35 | B42: 111625201097 | C42: MOHAMED IRFAN I | D42: G | E42: D | F42: M | H42: 60 | I42: 63 | J42: 53 | K42: 56.666667 | L42: 60 | M42: =sum(H42:L42)/5 -> 58.533333 | N42: =((COUNTIF((H42:L42),"<50"))+(COUNTIF((H42:L42),"=A"))) -> 0 | Q42: 98
A43: 36 | B43: 111625201098 | C43: MONISHA S | D43: G | E43: D | F43: F | H43: 77 | I43: 83 | J43: 96 | K43: 76.666667 | L43: 50 | M43: =sum(H43:L43)/5 -> 76.533333 | N43: =((COUNTIF((H43:L43),"<50"))+(COUNTIF((H43:L43),"=A"))) -> 0 | Q43: 94
A44: 37 | B44: 111625201099 | C44: MUKESH S | D44: G | E44: D | F44: M | H44: 51 | I44: 53 | J44: 50 | K44: 66.666667 | L44: A | M44: =sum(H44:L44)/5 -> 44.133333 | N44: =((COUNTIF((H44:L44),"<50"))+(COUNTIF((H44:L44),"=A"))) -> 1 | O44: =IF((N44<1),"0","1") -> 1 | P44: =COUNTIF((H44:L44),"=A") -> 1 | Q44: 89
A45: 38 | B45: 111625201100 | C45: NAVEEN KUMAR D | D45: M | E45: D | F45: M | H45: 15 | I45: 33 | J45: 50 | K45: 16.666667 | L45: 20 | M45: =sum(H45:L45)/5 -> 26.933333 | N45: =((COUNTIF((H45:L45),"<50"))+(COUNTIF((H45:L45),"=A"))) -> 4 | O45: =IF((N45<1),"0","1") -> 1 | P45: =COUNTIF((H45:L45),"=A") -> 0 | Q45: 94
A46: 39 | B46: 111625201101 | C46: NERELLA SAI ASWITHA | D46: M | E46: H | F46: F | H46: 17 | I46: 67 | J46: 26 | K46: 50 | L46: 73 | M46: =sum(H46:L46)/5 -> 46.6 | N46: =((COUNTIF((H46:L46),"<50"))+(COUNTIF((H46:L46),"=A"))) -> 2 | O46: =IF((N46<1),"0","1") -> 1 | P46: =COUNTIF((H46:L46),"=A") -> 0 | Q46: 91
A47: 40 | B47: 111625201102 | C47: NICKSON SIMEON ANTONY P | D47: G | E47: H | F47: M | H47: 67 | I47: 80 | J47: 80 | K47: 60 | L47: 50 | M47: =sum(H47:L47)/5 -> 67.4 | N47: =((COUNTIF((H47:L47),"<50"))+(COUNTIF((H47:L47),"=A"))) -> 0 | O47: =IF((N47<1),"0","1") -> 0 | P47: =COUNTIF((H47:L47),"=A") -> 0 | Q47: 100
A48: 41 | B48: 111625201103 | C48: NITHILAN A | D48: M | E48: D | F48: M | H48: 50 | I48: 63 | J48: 53 | K48: 66.666667 | L48: 53 | M48: =sum(H48:L48)/5 -> 57.133333 | N48: =((COUNTIF((H48:L48),"<50"))+(COUNTIF((H48:L48),"=A"))) -> 0 | O48: =IF((N48<1),"0","1") -> 0 | P48: =COUNTIF((H48:L48),"=A") -> 0 | Q48: 96
A49: 42 | B49: 111625201104 | C49: NITHISH KUMAR S | D49: G | E49: D | F49: M | H49: A | I49: 50 | J49: 50 | K49: 33.333333 | L49: 67 | M49: =sum(H49:L49)/5 -> 40.066667 | N49: =((COUNTIF((H49:L49),"<50"))+(COUNTIF((H49:L49),"=A"))) -> 2 | O49: =IF((N49<1),"0","1") -> 1 | P49: =COUNTIF((H49:L49),"=A") -> 1 | Q49: 89
A50: 43 | B50: 111625201105 | C50: NITHIYA SRI G | D50: G | E50: H | F50: F | H50: 100 | I50: 87 | J50: 93 | K50: 80 | L50: 90 | M50: =sum(H50:L50)/5 -> 90 | N50: =((COUNTIF((H50:L50),"<50"))+(COUNTIF((H50:L50),"=A"))) -> 0 | O50: =IF((N50<1),"0","1") -> 0 | P50: =COUNTIF((H50:L50),"=A") -> 0 | Q50: 100
A51: 44 | B51: 111625201106 | C51: NIVETHA S | D51: G | E51: D | F51: F | H51: 70 | I51: 73 | J51: 57 | K51: 53.333333 | L51: 87 | M51: =sum(H51:L51)/5 -> 68.066667 | N51: =((COUNTIF((H51:L51),"<50"))+(COUNTIF((H51:L51),"=A"))) -> 0 | O51: =IF((N51<1),"0","1") -> 0 | P51: =COUNTIF((H51:L51),"=A") -> 0 | Q51: 100
A52: 45 | B52: 111625201107 | C52: OVIYA S | D52: G | E52: D | F52: F | H52: 50 | I52: 77 | J52: 76 | K52: 53.333333 | L52: 63 | M52: =sum(H52:L52)/5 -> 63.866667 | N52: =((COUNTIF((H52:L52),"<50"))+(COUNTIF((H52:L52),"=A"))) -> 0 | O52: =IF((N52<1),"0","1") -> 0 | P52: =COUNTIF((H52:L52),"=A") -> 0 | Q52: 96
A53: 46 | B53: 111625201108 | C53: PARLAPALLI OJASWINI | D53: M | E53: H | F53: F | H53: 50 | I53: 20 | J53: 7 | K53: 30 | L53: 30 | M53: =sum(H53:L53)/5 -> 27.4 | N53: =((COUNTIF((H53:L53),"<50"))+(COUNTIF((H53:L53),"=A"))) -> 4 | O53: =IF((N53<1),"0","1") -> 1 | P53: =COUNTIF((H53:L53),"=A") -> 0 | Q53: 100
A54: 47 | B54: 111625201109 | C54: PEDDA VAMSI KRISHNA | D54: M | E54: D | F54: M | H54: 95 | I54: 70 | J54: 33 | K54: 83.333333 | L54: 50 | M54: =sum(H54:L54)/5 -> 66.266667 | N54: =((COUNTIF((H54:L54),"<50"))+(COUNTIF((H54:L54),"=A"))) -> 1 | O54: =IF((N54<1),"0","1") -> 1 | P54: =COUNTIF((H54:L54),"=A") -> 0 | Q54: 89
A55: 48 | B55: 111625201110 | C55: PEMMASANI DHANUSH | D55: M | E55: H | F55: M | H55: A | I55: 80 | J55: A | K55: 83 | L55: 63 | M55: =sum(H55:L55)/5 -> 45.2 | N55: =((COUNTIF((H55:L55),"<50"))+(COUNTIF((H55:L55),"=A"))) -> 2 | O55: =IF((N55<1),"0","1") -> 1 | P55: =COUNTIF((H55:L55),"=A") -> 2 | Q55: 94
A56: 49 | B56: 111625201111 | C56: POLICHETTY SAI GANESH | D56: M | E56: H | F56: M | H56: 51 | I56: 13 | J56: 0 | K56: 56.666667 | L56: 50 | M56: =sum(H56:L56)/5 -> 34.133333 | N56: =((COUNTIF((H56:L56),"<50"))+(COUNTIF((H56:L56),"=A"))) -> 2 | O56: =IF((N56<1),"0","1") -> 1 | P56: =COUNTIF((H56:L56),"=A") -> 0 | Q56: 89
A57: 50 | B57: 111625201112 | C57: PONMANI M | D57: G | E57: D | F57: F | H57: 95 | I57: 50 | J57: 52 | K57: 66.666667 | L57: 50 | M57: =sum(H57:L57)/5 -> 62.733333 | N57: =((COUNTIF((H57:L57),"<50"))+(COUNTIF((H57:L57),"=A"))) -> 0 | O57: =IF((N57<1),"0","1") -> 0 | P57: =COUNTIF((H57:L57),"=A") -> 0 | Q57: 100
A58: 51 | B58: 111625201113 | C58: PONMATHI I | D58: G | E58: D | F58: F | H58: 38 | I58: 73 | J58: 50 | K58: 90 | L58: 83 | M58: =sum(H58:L58)/5 -> 66.8 | N58: =((COUNTIF((H58:L58),"<50"))+(COUNTIF((H58:L58),"=A"))) -> 1 | O58: =IF((N58<1),"0","1") -> 1 | P58: =COUNTIF((H58:L58),"=A") -> 0 | Q58: 100
A59: 52 | B59: 111625201114 | C59: POOJA K | D59: G | E59: H | F59: F | H59: 53 | I59: 83 | J59: 70 | K59: 60 | L59: 83 | M59: =sum(H59:L59)/5 -> 69.8 | N59: =((COUNTIF((H59:L59),"<50"))+(COUNTIF((H59:L59),"=A"))) -> 0 | O59: =IF((N59<1),"0","1") -> 0 | P59: =COUNTIF((H59:L59),"=A") -> 0 | Q59: 100
A60: 53 | B60: 111625201115 | C60: POOVARASAN M | D60: M | E60: H | F60: M | H60: 95 | I60: 90 | J60: 90 | K60: 80 | L60: 53 | M60: =sum(H60:L60)/5 -> 81.6 | N60: =((COUNTIF((H60:L60),"<50"))+(COUNTIF((H60:L60),"=A"))) -> 0 | O60: =IF((N60<1),"0","1") -> 0 | P60: =COUNTIF((H60:L60),"=A") -> 0 | Q60: 100
A61: 54 | B61: 111625201116 | C61: PRADHIKSHA D | D61: G | E61: D | F61: F | H61: 88 | I61: 90 | J61: 100 | K61: 90 | L61: 80 | M61: =sum(H61:L61)/5 -> 89.6 | N61: =((COUNTIF((H61:L61),"<50"))+(COUNTIF((H61:L61),"=A"))) -> 0 | O61: =IF((N61<1),"0","1") -> 0 | P61: =COUNTIF((H61:L61),"=A") -> 0 | Q61: 100
A62: 55 | B62: 111625201117 | C62: PRAGADISWARRAN I | D62: G | E62: H | F62: M | H62: 50 | I62: 73 | J62: 93 | K62: 90 | L62: 67 | M62: =sum(H62:L62)/5 -> 74.6 | N62: =((COUNTIF((H62:L62),"<50"))+(COUNTIF((H62:L62),"=A"))) -> 0 | O62: =IF((N62<1),"0","1") -> 0 | P62: =COUNTIF((H62:L62),"=A") -> 0 | Q62: 100
A63: 56 | B63: 111625201118 | C63: PRAVEENA K | D63: G | E63: D | F63: F | H63: 63 | I63: 73 | J63: A | K63: 90 | L63: 97 | M63: =sum(H63:L63)/5 -> 64.6 | N63: =((COUNTIF((H63:L63),"<50"))+(COUNTIF((H63:L63),"=A"))) -> 1 | O63: =IF((N63<1),"0","1") -> 1 | P63: =COUNTIF((H63:L63),"=A") -> 1 | Q63: 91
A64: 57 | B64: 111625201119 | C64: PRAVIN KUMAR P | D64: G | E64: H | F64: M | H64: 50 | I64: 67 | J64: 50 | K64: 66.666667 | L64: 50 | M64: =sum(H64:L64)/5 -> 56.733333 | N64: =((COUNTIF((H64:L64),"<50"))+(COUNTIF((H64:L64),"=A"))) -> 0 | O64: =IF((N64<1),"0","1") -> 0 | P64: =COUNTIF((H64:L64),"=A") -> 0 | Q64: 100
A65: 58 | B65: 111625201120 | C65: PREM KUMAR RATHIGA KANIGA | D65: M | E65: H | F65: F | H65: 63 | I65: 73 | J65: 83 | K65: 23.333333 | L65: 70 | M65: =sum(H65:L65)/5 -> 62.466667 | N65: =((COUNTIF((H65:L65),"<50"))+(COUNTIF((H65:L65),"=A"))) -> 1 | O65: =IF((N65<1),"0","1") -> 1 | P65: =COUNTIF((H65:L65),"=A") -> 0 | Q65: 100
A66: 59 | B66: 111625201121 | C66: PRITHIKA P | D66: G | E66: D | F66: F | H66: 67 | I66: 87 | J66: 90 | K66: 50 | L66: 50 | M66: =sum(H66:L66)/5 -> 68.8 | N66: =((COUNTIF((H66:L66),"<50"))+(COUNTIF((H66:L66),"=A"))) -> 0 | O66: =IF((N66<1),"0","1") -> 0 | P66: =COUNTIF((H66:L66),"=A") -> 0 | Q66: 100
A67: 60 | B67: 111625201122 | C67: PRIYADARRSINI A | D67: M | E67: D | F67: F | H67: A | I67: A | J67: A | K67: A | L67: A | M67: =sum(H67:L67)/5 -> 0 | N67: =((COUNTIF((H67:L67),"<50"))+(COUNTIF((H67:L67),"=A"))) -> 5 | O67: =IF((N67<1),"0","1") -> 1 | P67: =COUNTIF((H67:L67),"=A") -> 5 | Q67: 9
A68: 61 | B68: 111625201123 | C68: PULLA THARUN | D68: M | E68: H | F68: M | H68: 18 | I68: 60 | J68: 50 | K68: 56.666667 | L68: 70 | M68: =sum(H68:L68)/5 -> 50.933333 | N68: =((COUNTIF((H68:L68),"<50"))+(COUNTIF((H68:L68),"=A"))) -> 1 | O68: =IF((N68<1),"0","1") -> 1 | P68: =COUNTIF((H68:L68),"=A") -> 0 | Q68: 100
A69: 62 | B69: 111625201124 | C69: PURUSHOTHAMAN R | D69: M | E69: D | F69: M | H69: 52 | I69: 63 | J69: 27 | K69: 20 | L69: 57 | M69: =sum(H69:L69)/5 -> 43.8 | N69: =((COUNTIF((H69:L69),"<50"))+(COUNTIF((H69:L69),"=A"))) -> 2 | O69: =IF((N69<1),"0","1") -> 1 | P69: =COUNTIF((H69:L69),"=A") -> 0 | Q69: 98
C71: Total No. of Students | H71: =COUNT(A8:A69) -> 62 | I71: =COUNT(A8:A69) -> 62 | J71: =COUNT(A8:A69) -> 62 | K71: =COUNT(A8:A69) -> 62 | L71: =COUNT(A8:A69) -> 62
C72: Total No. of Appeared | H72: =H71-H73 -> 59 | I72: =I71-I73 -> 61 | J72: =J71-J73 -> 58 | K72: =K71-K73 -> 60 | L72: =L71-L73 -> 60
C73: Total No. of Absentees | H73: =(COUNTIF((H8:H69),"=A")) -> 3 | I73: =(COUNTIF((I8:I69),"=A")) -> 1 | J73: =(COUNTIF((J8:J69),"=A")) -> 4 | K73: =(COUNTIF((K8:K69),"=A")) -> 2 | L73: =(COUNTIF((L8:L69),"=A")) -> 2
C74: Total No. of Passes | H74: =H71-(H75+H73) -> 52 | I74: =I71-(I75+I73) -> 56 | J74: =J71-(J75+J73) -> 42 | K74: =K71-(K75+K73) -> 45 | L74: =L71-(L75+L73) -> 51
C75: Total No. of Failures | H75: =(COUNTIF((H8:H69),"<50")) -> 7 | I75: =COUNTIF((I8:I69),"<50") -> 5 | J75: =COUNTIF((J8:J69),"<50") -> 16 | K75: =COUNTIF((K8:K69),"<50") -> 15 | L75: =COUNTIF((L8:L69),"<50") -> 9
C76: Pass % | H76: =(H74/H72)*100 -> 88.135593 | I76: =(I74/I72)*100 -> 91.803279 | J76: =(J74/J72)*100 -> 72.413793 | K76: =(K74/K72)*100 -> 75 | L76: =(L74/L72)*100 -> 85
C77: Failed only in | H77: =COUNTIFS(N8:N69,"=1", H8:H69,"<50")+COUNTIFS(N8:N69,"=1", H8:H69,"=A") -> 2 | I77: =COUNTIFS(N8:N69,"=1", I8:I69,"<50")+COUNTIFS(N8:N69,"=1", I8:I69,"=A") -> 0 | J77: =COUNTIFS(N8:N69,"=1", J8:J69,"<50")+COUNTIFS(N8:N69,"=1", J8:J69,"=A") -> 6 | K77: =COUNTIFS(N8:N69,"=1", K8:K69,"<50")+COUNTIFS(N8:N69,"=1", K8:K69,"=A") -> 4 | L77: =COUNTIFS(N8:N69,"=1", L8:L69,"<50")+COUNTIFS(N8:N69,"=1", L8:L69,"=A") -> 3
C79: Overall Pass | H79: =COUNTIF((N8:N69),"=0") -> 30
C80: Overall Fail | H80: =(COUNTIF((N8:N69),">0")) -> 32
C81: Overall Absentees | H81: =(COUNTIF((P8:P69),"=5")) -> 1
C82: Overall Appeared | H82: =COUNT(A8:A69)-H81 -> 61
C83: Overall Pass % | H83: =(H79/H82)*100 -> 49.180328
C84: Highest Mark | H84: =max(M8:M69) -> 90
B87: Hotel / D | C87: No. of H Students Failed | H87: =COUNTIFS(N8:N69,">0", E8:E69,"=H") -> 17 | I87: =(H74-H87)/H74*100 -> 67.307692
C88: No. of D Students Failed | H88: =COUNTIFS(N8:N69,">0", E8:E69,"=D") -> 15 | I88: =(H74-H88)/H74*100 -> 71.153846
B89: G / Mgnt | C89: No. of G quota Students Failed | H89: =COUNTIFS(N8:N69,">0", D8:D69,"=G") -> 9 | I89: =(H74-H89)/H74*100 -> 82.692308
C90: No. of M Students Failed | H90: =COUNTIFS(N8:N69,">0", D8:D69,"=M") -> 23 | I90: =(H74-H90)/H74*100 -> 55.769231
B91: Tamil / Medium | C91: No. of Tamil Medium Students Failed | H91: =COUNTIFS(N8:N69,">0", #REF!,"=T") -> #VALUE! | I91: =(H74-H91)/H74*100 -> #VALUE!
C92: No. of English medium students Failed | H92: =COUNTIFS(N8:N69,">0", #REF!,"=E") -> #VALUE! | I92: =(H74-H92)/H74*100 -> #VALUE!
B93: Girls / Boys | C93: No. of Girls Failed | H93: =COUNTIFS(N8:N69,">0", F8:F69,"=G") -> 0 | I93: =(H76-H93)/H76*100 -> 100
C94: No. of Boys Failed | H94: =COUNTIFS(N8:N69,">0", F8:F69,"=B") -> 0 | I94: =(H76-H94)/H76*100 -> 100
C96: Category | H96: GIRLS | I96: BOYS | J96: MGT | K96: GVT | L96: DAYSCHOLAR | M96: Hostel
C97: Total No. of Students | H97: =COUNTIF(F8:F69,"=F") -> 33 | I97: =(COUNTIF((F8:F69),"=M")) -> 29 | J97: =(COUNTIF((D8:D69),"=M")) -> 32 | K97: =(COUNTIF((D8:D69),"=G")) -> 30 | L97: =(COUNTIF((E8:E69),"=D")) -> 30 | M97: =(COUNTIF((E8:E70),"=H")) -> 32
C98: No. of Students Pass | H98: =COUNTIFS(N8:N69,"=0", F8:F69,"=F") -> 20 | I98: =COUNTIFS(N8:N69,"=0", F8:F69,"=M") -> 10 | J98: =COUNTIFS(N8:N69,"=0", D8:D69,"=M") -> 9 | K98: =COUNTIFS(N8:N69,"=0", D8:D69,"=G") -> 21 | L98: =COUNTIFS(N8:N69,"=0", E8:E69,"=D") -> 15 | M98: =COUNTIFS(N8:N70,"=0", E8:E70,"=H") -> 15
C99: No. of students failed | H99: =H97-H98 -> 13 | I99: =I97-I98 -> 19 | J99: =J97-J98 -> 23 | K99: =K97-K98 -> 9 | L99: =L97-L98 -> 15 | M99: =M97-M98 -> 17
C100: % of Pass | H100: =(H98/H97)*100 -> 60.606061 | I100: =(I98/I97)*100 -> 34.482759 | J100: =(J98/J97)*100 -> 28.125 | K100: =(K98/K97)*100 -> 70 | L100: =(L98/L97)*100 -> 50 | M100: =(M98/M97)*100 -> 46.875

Sheet AIDS C
A1: R. M. K. COLLEGE OF ENGINEERING AND TECHNOLOGY
A2: R. S. M NAGAR, PUDUVOYAL - 601 206
A3: Department of Science and Humanities
A4: I Semester B.E (Academic Year : 2025-26)
A5: Unit Test - II Result Analysis
A6: Branch & Section: AIDS - C
A7: Sl. No. | B7: Reg. No. | C7: Name | D7: G / M | E7: D/H | F7: Girl / Boy | G7: Cut off | H7: Maths | I7: Chem | J7: C++ | K7: SDP | L7: DPSD | M7: GPA | N7: No. of subjects failed | P7: absentees | Q7: Attendance
A8: 1 | B8: 111625201125 | C8: RADARAPU BABY JANANI | D8: M | E8: H | F8: F | H8: 97 | I8: 76.666667 | J8: 77 | K8: 50 | L8: 83 | M8: =sum(H8:L8)/5 -> 76.733333 | N8: =((COUNTIF((H8:L8),"<50"))+(COUNTIF((H8:L8),"=A"))) -> 0 | O8: =IF((N8<1),"0","1") -> 0 | P8: =COUNTIF((H8:L8),"=A") -> 0 | Q8: 100
A9: 2 | B9: 111625201126 | C9: RAHUL K | D9: M | E9: H | F9: M | H9: 20 | I9: 50 | J9: 74 | K9: 27 | L9: 30 | M9: =sum(H9:L9)/5 -> 40.2 | N9: =((COUNTIF((H9:L9),"<50"))+(COUNTIF((H9:L9),"=A"))) -> 3 | O9: =IF((N9<1),"0","1") -> 1 | P9: =COUNTIF((H9:L9),"=A") -> 0 | Q9: 98
A10: 3 | B10: 111625201127 | C10: RAJASRI G | D10: G | E10: D | F10: F | H10: 70 | I10: 60 | J10: 63 | K10: 27 | L10: 93 | M10: =sum(H10:L10)/5 -> 62.6 | N10: =((COUNTIF((H10:L10),"<50"))+(COUNTIF((H10:L10),"=A"))) -> 1 | O10: =IF((N10<1),"0","1") -> 1 | P10: =COUNTIF((H10:L10),"=A") -> 0 | Q10: 94
A11: 4 | B11: 111625201128 | C11: RAMACHANDRAN G | D11: G | E11: H | F11: M | H11: 77 | I11: 76.666667 | J11: 50 | K11: 70 | L11: 57 | M11: =sum(H11:L11)/5 -> 66.133333 | N11: =((COUNTIF((H11:L11),"<50"))+(COUNTIF((H11:L11),"=A"))) -> 0 | O11: =IF((N11<1),"0","1") -> 0 | P11: =COUNTIF((H11:L11),"=A") -> 0 | Q11: 100
A12: 5 | B12: 111625201129 | C12: RAMISETTY LASYA BHAVANI | D12: M | E12: H | F12: F | H12: 30 | I12: 50 | J12: 27 | K12: 17 | L12: 63 | M12: =sum(H12:L12)/5 -> 37.4 | N12: =((COUNTIF((H12:L12),"<50"))+(COUNTIF((H12:L12),"=A"))) -> 3 | O12: =IF((N12<1),"0","1") -> 1 | P12: =COUNTIF((H12:L12),"=A") -> 0 | Q12: 100
A13: 6 | B13: 111625201130 | C13: RANJITH N B | D13: G | E13: H | F13: M | H13: 73 | I13: 66.666667 | J13: 87 | K13: 87 | L13: 70 | M13: =sum(H13:L13)/5 -> 76.733333 | N13: =((COUNTIF((H13:L13),"<50"))+(COUNTIF((H13:L13),"=A"))) -> 0 | O13: =IF((N13<1),"0","1") -> 0 | P13: =COUNTIF((H13:L13),"=A") -> 0 | Q13: 100
A14: 7 | B14: 111625201131 | C14: RITHIKA J | D14: G | E14: H | F14: F | H14: 73 | I14: 80 | J14: 83 | K14: 77 | L14: 93 | M14: =sum(H14:L14)/5 -> 81.2 | N14: =((COUNTIF((H14:L14),"<50"))+(COUNTIF((H14:L14),"=A"))) -> 0 | O14: =IF((N14<1),"0","1") -> 0 | P14: =COUNTIF((H14:L14),"=A") -> 0 | Q14: 100
A15: 8 | B15: 111625201132 | C15: RITU N | D15: G | E15: D | F15: F | H15: 50 | I15: 63.333333 | J15: 67 | K15: 53 | L15: 67 | M15: =sum(H15:L15)/5 -> 60.066667 | N15: =((COUNTIF((H15:L15),"<50"))+(COUNTIF((H15:L15),"=A"))) -> 0 | O15: =IF((N15<1),"0","1") -> 0 | P15: =COUNTIF((H15:L15),"=A") -> 0 | Q15: 96
A16: 9 | B16: 111625201133 | C16: RUVANTHIKA S T K | D16: M | E16: D | F16: F | H16: 80 | I16: 83.333333 | J16: 53 | K16: A | L16: 80 | M16: =sum(H16:L16)/5 -> 59.266667 | N16: =((COUNTIF((H16:L16),"<50"))+(COUNTIF((H16:L16),"=A"))) -> 1 | O16: =IF((N16<1),"0","1") -> 1 | P16: =COUNTIF((H16:L16),"=A") -> 1 | Q16: 94
A17: 10 | B17: 111625201134 | C17: SACHIN D | D17: G | E17: D | F17: M | H17: 70 | I17: 63.333333 | J17: 70 | K17: A | L17: 50 | M17: =sum(H17:L17)/5 -> 50.666667 | N17: =((COUNTIF((H17:L17),"<50"))+(COUNTIF((H17:L17),"=A"))) -> 1 | Q17: 53
A18: 11 | B18: 111625201135 | C18: SAISHREYASH K S | D18: M | E18: D | F18: M | H18: 57 | I18: 66.666667 | J18: 77 | K18: 60 | L18: 70 | M18: =sum(H18:L18)/5 -> 66.133333 | N18: =((COUNTIF((H18:L18),"<50"))+(COUNTIF((H18:L18),"=A"))) -> 0 | Q18: 100
A19: 12 | B19: 111625201136 | C19: SAM ELIJAH BG | D19: M | E19: D | F19: M | H19: 87 | I19: 53.333333 | J19: 63 | K19: 50 | L19: 30 | M19: =sum(H19:L19)/5 -> 56.666667 | N19: =((COUNTIF((H19:L19),"<50"))+(COUNTIF((H19:L19),"=A"))) -> 1 | Q19: 98
A20: 13 | B20: 111625201137 | C20: SAM NICHOLAS H | D20: M | E20: D | F20: M | H20: 20 | I20: 63.333333 | J20: 50 | K20: 50 | L20: 57 | M20: =sum(H20:L20)/5 -> 48.066667 | N20: =((COUNTIF((H20:L20),"<50"))+(COUNTIF((H20:L20),"=A"))) -> 1 | Q20: 91
A21: 14 | B21: 111625201138 | C21: SANCHITA V | D21: G | E21: D | F21: F | H21: 100 | I21: 86.666667 | J21: 70 | K21: 57 | L21: 70 | M21: =sum(H21:L21)/5 -> 76.733333 | N21: =((COUNTIF((H21:L21),"<50"))+(COUNTIF((H21:L21),"=A"))) -> 0 | Q21: 87
A22: 15 | B22: 111625201139 | C22: SANDHIYA B | D22: G | E22: H | F22: F | H22: 97 | I22: 80 | J22: 57 | K22: 50 | L22: 87 | M22: =sum(H22:L22)/5 -> 74.2 | N22: =((COUNTIF((H22:L22),"<50"))+(COUNTIF((H22:L22),"=A"))) -> 0 | Q22: 96
A23: 16 | B23: 111625201140 | C23: SANDHIYA V | D23: G | E23: H | F23: F | H23: 77 | I23: 63.333333 | J23: 60 | K23: 50 | L23: 70 | M23: =sum(H23:L23)/5 -> 64.066667 | N23: =((COUNTIF((H23:L23),"<50"))+(COUNTIF((H23:L23),"=A"))) -> 0 | Q23: 100
A24: 17 | B24: 111625201141 | C24: SANGEETHA SRI R | D24: G | E24: D | F24: F | H24: 60 | I24: 80 | J24: 77 | K24: 57 | L24: 70 | M24: =sum(H24:L24)/5 -> 68.8 | N24: =((COUNTIF((H24:L24),"<50"))+(COUNTIF((H24:L24),"=A"))) -> 0 | Q24: 96
A25: 18 | B25: 111625201142 | C25: SANJANA N | D25: G | E25: D | F25: F | H25: 93 | I25: 90 | J25: 67 | K25: 73 | L25: 50 | M25: =sum(H25:L25)/5 -> 74.6 | N25: =((COUNTIF((H25:L25),"<50"))+(COUNTIF((H25:L25),"=A"))) -> 0 | Q25: 94
A26: 19 | B26: 111625201143 | C26: SANJAY SRIDHAR D A | D26: G | E26: H | F26: M | H26: 60 | I26: 73.333333 | J26: 63 | K26: 51 | L26: 70 | M26: =sum(H26:L26)/5 -> 63.466667 | N26: =((COUNTIF((H26:L26),"<50"))+(COUNTIF((H26:L26),"=A"))) -> 0 | Q26: 98
A27: 20 | B27: 111625201144 | C27: SANJU SHREE G | D27: G | E27: D | F27: F | H27: 73 | I27: 83.333333 | J27: 87 | K27: 50 | L27: 87 | M27: =sum(H27:L27)/5 -> 76.066667 | N27: =((COUNTIF((H27:L27),"<50"))+(COUNTIF((H27:L27),"=A"))) -> 0 | Q27: 96
A28: 21 | B28: 111625201145 | C28: SANTHOSH P | D28: G | E28: D | F28: M | H28: 80 | I28: 60 | J28: 90 | K28: 33 | L28: 63 | M28: =sum(H28:L28)/5 -> 65.2 | N28: =((COUNTIF((H28:L28),"<50"))+(COUNTIF((H28:L28),"=A"))) -> 1 | Q28: 94
A29: 22 | B29: 111625201146 | C29: SARAVANAN B L | D29: G | E29: D | F29: M | H29: 63 | I29: 76.666667 | J29: 37 | K29: 53 | L29: 13 | M29: =sum(H29:L29)/5 -> 48.533333 | N29: =((COUNTIF((H29:L29),"<50"))+(COUNTIF((H29:L29),"=A"))) -> 2 | Q29: 98
... A31: 24 | B31: 111625201148 | C31: SHAMREEN FATHIMA J | D31: G | E31: D | F31: F | H31: 97 | I31: 83.333333 | J31: 90 | K31: 80 | L31: 83 | M31: =sum(H31:L31)/5 -> 86.666667 | N31: =((COUNTIF((H31:L31),"<50"))+(COUNTIF((H31:L31),"=A"))) -> 0 | Q31: 96
A32: 25 | B32: 111625201149 | C32: SHEETHAL S | D32: G | E32: D | F32: F | H32: A | I32: A | J32: A | K32: A | L32: A | M32: =sum(H32:L32)/5 -> 0 | N32: =((COUNTIF((H32:L32),"<50"))+(COUNTIF((H32:L32),"=A"))) -> 5 | Q32: 87
A33: 26 | B33: 111625201150 | C33: SHIVANI M | D33: G | E33: D | F33: F | H33: 87 | I33: 73.333333 | J33: 90 | K33: 73 | L33: 97 | M33: =sum(H33:L33)/5 -> 84.066667 | N33: =((COUNTIF((H33:L33),"<50"))+(COUNTIF((H33:L33),"=A"))) -> 0 | Q33: 100
A34: 27 | B34: 111625201151 | C34: SHREE DHARSHAN B R | D34: M | E34: D | F34: M | H34: 80 | I34: 66.666667 | J34: 87 | K34: 57 | L34: 13 | M34: =sum(H34:L34)/5 -> 60.733333 | N34: =((COUNTIF((H34:L34),"<50"))+(COUNTIF((H34:L34),"=A"))) -> 1 | Q34: 98
A35: 28 | B35: 111625201152 | C35: SIVARUBAN K G | D35: M | E35: H | F35: M | H35: 50 | I35: 30 | J35: 70 | K35: 37 | L35: 50 | M35: =sum(H35:L35)/5 -> 47.4 | N35: =((COUNTIF((H35:L35),"<50"))+(COUNTIF((H35:L35),"=A"))) -> 2 | Q35: 96
A36: 29 | B36: 111625201153 | C36: SOLLETI ANVITHA | D36: M | E36: H | F36: F | H36: 90 | I36: 56.666667 | J36: 67 | K36: 53 | L36: 57 | M36: =sum(H36:L36)/5 -> 64.733333 | N36: =((COUNTIF((H36:L36),"<50"))+(COUNTIF((H36:L36),"=A"))) -> 0 | Q36: 100
A37: 30 | B37: 111625201154 | C37: SUBHASHINI K | D37: G | E37: D | F37: F | H37: 90 | I37: 90 | J37: 93 | K37: 83 | L37: 63 | M37: =sum(H37:L37)/5 -> 83.8 | N37: =((COUNTIF((H37:L37),"<50"))+(COUNTIF((H37:L37),"=A"))) -> 0 | Q37: 98
A38: 31 | B38: 111625201155 | C38: SUMANTH S | D38: G | E38: D | F38: M | H38: 77 | I38: 66.666667 | J38: 83 | K38: 57 | L38: 50 | M38: =sum(H38:L38)/5 -> 66.733333 | N38: =((COUNTIF((H38:L38),"<50"))+(COUNTIF((H38:L38),"=A"))) -> 0 | O38: =IF((N38<1),"0","1") -> 0 | P38: =COUNTIF((H38:L38),"=A") -> 0 | Q38: 100
A39: 32 | B39: 111625201156 | C39: SURENDHAR K | D39: G | E39: D | F39: M | H39: 50 | I39: 73 | J39: 43 | K39: 13 | L39: 50 | M39: =sum(H39:L39)/5 -> 45.8 | N39: =((COUNTIF((H39:L39),"<50"))+(COUNTIF((H39:L39),"=A"))) -> 2 | O39: =IF((N39<1),"0","1") -> 1 | P39: =COUNTIF((H39:L39),"=A") -> 0 | Q39: 100
A40: 33 | B40: 111625201157 | C40: SYED AHMED BASHA | D40: M | E40: H | F40: M | H40: 50 | I40: 50 | J40: 17 | K40: 33 | L40: 63 | M40: =sum(H40:L40)/5 -> 42.6 | N40: =((COUNTIF((H40:L40),"<50"))+(COUNTIF((H40:L40),"=A"))) -> 2 | O40: =IF((N40<1),"0","1") -> 1 | P40: =COUNTIF((H40:L40),"=A") -> 0 | Q40: 89
A41: 34 | B41: 111625201158 | C41: TEJA SAI C | D41: G | E41: D | F41: M | H41: 93 | I41: 90 | J41: 83 | K41: 77 | L41: 70 | M41: =sum(H41:L41)/5 -> 82.6 | N41: =((COUNTIF((H41:L41),"<50"))+(COUNTIF((H41:L41),"=A"))) -> 0 | O41: =IF((N41<1),"0","1") -> 0 | P41: =COUNTIF((H41:L41),"=A") -> 0 | Q41: 100
A42: 35 | B42: 111625201159 | C42: TENALI SANHITH | D42: M | E42: H | F42: M | H42: 80 | I42: 83.333333 | J42: 70 | K42: 83 | L42: 90 | M42: =sum(H42:L42)/5 -> 81.266667 | N42: =((COUNTIF((H42:L42),"<50"))+(COUNTIF((H42:L42),"=A"))) -> 0 | O42: =IF((N42<1),"0","1") -> 0 | P42: =COUNTIF((H42:L42),"=A") -> 0 | Q42: 100
A43: 36 | B43: 111625201160 | C43: THANUJA N | D43: M | E43: D | F43: F | H43: 83 | I43: 50 | J43: 50 | K43: 23 | L43: 40 | M43: =sum(H43:L43)/5 -> 49.2 | N43: =((COUNTIF((H43:L43),"<50"))+(COUNTIF((H43:L43),"=A"))) -> 2 | O43: =IF((N43<1),"0","1") -> 1 | P43: =COUNTIF((H43:L43),"=A") -> 0 | Q43: 91
A44: 37 | B44: 111625201161 | C44: THANUSHREE P J | D44: M | E44: H | F44: F | H44: 67 | I44: 86.666667 | J44: 67 | K44: 77 | L44: 53 | M44: =sum(H44:L44)/5 -> 70.133333 | N44: =((COUNTIF((H44:L44),"<50"))+(COUNTIF((H44:L44),"=A"))) -> 0 | O44: =IF((N44<1),"0","1") -> 0 | P44: =COUNTIF((H44:L44),"=A") -> 0 | Q44: 100
A45: 38 | B45: 111625201162 | C45: THARIKA V | D45: G | E45: H | F45: F | H45: 93 | I45: 86.666667 | J45: 87 | K45: 73 | L45: 100 | M45: =sum(H45:L45)/5 -> 87.933333 | N45: =((COUNTIF((H45:L45),"<50"))+(COUNTIF((H45:L45),"=A"))) -> 0 | O45: =IF((N45<1),"0","1") -> 0 | P45: =COUNTIF((H45:L45),"=A") -> 0 | Q45: 100
A46: 39 | B46: 111625201163 | C46: THEJA KRISHNA R | D46: G | E46: H | F46: M | H46: 67 | I46: 53.333333 | J46: 73 | K46: 50 | L46: 53 | M46: =sum(H46:L46)/5 -> 59.266667 | N46: =((COUNTIF((H46:L46),"<50"))+(COUNTIF((H46:L46),"=A"))) -> 0 | O46: =IF((N46<1),"0","1") -> 0 | P46: =COUNTIF((H46:L46),"=A") -> 0 | Q46: 100
A47: 40 | B47: 111625201164 | C47: THENMOZHI K | D47: G | E47: D | F47: F | H47: 97 | I47: 73.333333 | J47: A | K47: A | L47: 73 | M47: =sum(H47:L47)/5 -> 48.666667 | N47: =((COUNTIF((H47:L47),"<50"))+(COUNTIF((H47:L47),"=A"))) -> 2 | O47: =IF((N47<1),"0","1") -> 1 | P47: =COUNTIF((H47:L47),"=A") -> 2 | Q47: 94
A48: 41 | B48: 111625201165 | C48: THULASI RAM K | D48: M | E48: D | F48: M | H48: 57 | I48: 60 | J48: 50 | K48: 51 | L48: 27 | M48: =sum(H48:L48)/5 -> 49 | N48: =((COUNTIF((H48:L48),"<50"))+(COUNTIF((H48:L48),"=A"))) -> 1 | O48: =IF((N48<1),"0","1") -> 1 | P48: =COUNTIF((H48:L48),"=A") -> 0 | Q48: 98
A49: 42 | B49: 111625201166 | C49: VADLAMUDI VENKATA SAI YASWANTH | D49: M | E49: H | F49: M | H49: 67 | I49: 70 | J49: 57 | K49: 33 | L49: 87 | M49: =sum(H49:L49)/5 -> 62.8 | N49: =((COUNTIF((H49:L49),"<50"))+(COUNTIF((H49:L49),"=A"))) -> 1 | O49: =IF((N49<1),"0","1") -> 1 | P49: =COUNTIF((H49:L49),"=A") -> 0 | Q49: 100
A50: 43 | B50: 111625201167 | C50: VALLURU HAASINI | D50: M | E50: H | F50: F | H50: 97 | I50: 80 | J50: 87 | K50: 50 | L50: 73 | M50: =sum(H50:L50)/5 -> 77.4 | N50: =((COUNTIF((H50:L50),"<50"))+(COUNTIF((H50:L50),"=A"))) -> 0 | O50: =IF((N50<1),"0","1") -> 0 | P50: =COUNTIF((H50:L50),"=A") -> 0 | Q50: 98
A51: 44 | B51: 111625201168 | C51: VASANTHA RAJA PRIYAN R | D51: G | E51: D | F51: M | H51: 70 | I51: A | J51: 33 | K51: 57 | L51: 93 | M51: =sum(H51:L51)/5 -> 50.6 | N51: =((COUNTIF((H51:L51),"<50"))+(COUNTIF((H51:L51),"=A"))) -> 2 | O51: =IF((N51<1),"0","1") -> 1 | P51: =COUNTIF((H51:L51),"=A") -> 1 | Q51: 94
A52: 45 | B52: 111625201169 | C52: VISHWA D | D52: G | E52: D | F52: M | H52: 93 | I52: 76.666667 | J52: 53 | K52: 50 | L52: 50 | M52: =sum(H52:L52)/5 -> 64.533333 | N52: =((COUNTIF((H52:L52),"<50"))+(COUNTIF((H52:L52),"=A"))) -> 0 | O52: =IF((N52<1),"0","1") -> 0 | P52: =COUNTIF((H52:L52),"=A") -> 0 | Q52: 96
A53: 46 | B53: 111625201170 | C53: VITHISHA M | D53: G | E53: D | F53: F | H53: 53 | I53: 50 | J53: 63 | K53: A | L53: 20 | M53: =sum(H53:L53)/5 -> 37.2 | N53: =((COUNTIF((H53:L53),"<50"))+(COUNTIF((H53:L53),"=A"))) -> 2 | O53: =IF((N53<1),"0","1") -> 1 | P53: =COUNTIF((H53:L53),"=A") -> 1 | Q53: 87
A54: 47 | B54: 111625201171 | C54: VOODARA AARTHI | D54: M | E54: H | F54: F | H54: 63 | I54: 73.333333 | J54: 67 | K54: 57 | L54: 80 | M54: =sum(H54:L54)/5 -> 68.066667 | N54: =((COUNTIF((H54:L54),"<50"))+(COUNTIF((H54:L54),"=A"))) -> 0 | O54: =IF((N54<1),"0","1") -> 0 | P54: =COUNTIF((H54:L54),"=A") -> 0 | Q54: 94
A55: 48 | B55: 111625201172 | C55: VUGGUMUDI SRI PAVAN | D55: M | E55: H | F55: M | H55: 93 | I55: 80 | J55: 73 | K55: 57 | L55: 97 | M55: =sum(H55:L55)/5 -> 80 | N55: =((COUNTIF((H55:L55),"<50"))+(COUNTIF((H55:L55),"=A"))) -> 0 | O55: =IF((N55<1),"0","1") -> 0 | P55: =COUNTIF((H55:L55),"=A") -> 0 | Q55: 100
A56: 49 | B56: 111625201173 | C56: YAAKSHITHA A N | D56: M | E56: D | F56: F | H56: 80 | I56: 56.666667 | J56: 70 | K56: 63 | L56: 53 | M56: =sum(H56:L56)/5 -> 64.533333 | N56: =((COUNTIF((H56:L56),"<50"))+(COUNTIF((H56:L56),"=A"))) -> 0 | O56: =IF((N56<1),"0","1") -> 0 | P56: =COUNTIF((H56:L56),"=A") -> 0 | Q56: 98
A57: 50 | B57: 111625201174 | C57: YAASH YADAV R I | D57: M | E57: D | F57: M | H57: 57 | I57: 50 | J57: 27 | K57: 27 | L57: 53 | M57: =sum(H57:L57)/5 -> 42.8 | N57: =((COUNTIF((H57:L57),"<50"))+(COUNTIF((H57:L57),"=A"))) -> 2 | O57: =IF((N57<1),"0","1") -> 1 | P57: =COUNTIF((H57:L57),"=A") -> 0 | Q57: 100
A58: 51 | B58: 111625201175 | C58: YARAGALA VIGNESH | D58: M | E58: H | F58: M | H58: 50 | I58: 43.333333 | J58: 43 | K58: 27 | L58: 63 | M58: =sum(H58:L58)/5 -> 45.266667 | N58: =((COUNTIF((H58:L58),"<50"))+(COUNTIF((H58:L58),"=A"))) -> 3 | O58: =IF((N58<1),"0","1") -> 1 | P58: =COUNTIF((H58:L58),"=A") -> 0 | Q58: 100
A59: 52 | B59: 111625201176 | C59: YASHIKA R | D59: G | E59: D | F59: F | H59: 77 | I59: 90 | J59: 73 | K59: 67 | L59: 77 | M59: =sum(H59:L59)/5 -> 76.8 | N59: =((COUNTIF((H59:L59),"<50"))+(COUNTIF((H59:L59),"=A"))) -> 0 | O59: =IF((N59<1),"0","1") -> 0 | P59: =COUNTIF((H59:L59),"=A") -> 0 | Q59: 100
A60: 53 | B60: 111625201177 | C60: YOGESH N | D60: G | E60: D | F60: M | H60: 67 | I60: 80 | J60: 80 | K60: A | L60: 63 | M60: =sum(H60:L60)/5 -> 58 | N60: =((COUNTIF((H60:L60),"<50"))+(COUNTIF((H60:L60),"=A"))) -> 1 | O60: =IF((N60<1),"0","1") -> 1 | P60: =COUNTIF((H60:L60),"=A") -> 1 | Q60: 94
A61: 54 | B61: 111625201178 | C61: YOGESHWARAN S | D61: M | E61: H | F61: M | H61: 50 | I61: 66.666667 | J61: 63 | K61: 57 | L61: 63 | M61: =sum(H61:L61)/5 -> 59.933333 | N61: =((COUNTIF((H61:L61),"<50"))+(COUNTIF((H61:L61),"=A"))) -> 0 | O61: =IF((N61<1),"0","1") -> 0 | P61: =COUNTIF((H61:L61),"=A") -> 0 | Q61: 98
A62: 55 | B62: 111625201179 | C62: YUTHISH KUMAR H | D62: M | E62: D | F62: M | H62: 77 | I62: 80 | J62: 53 | K62: A | L62: 70 | M62: =sum(H62:L62)/5 -> 56 | N62: =((COUNTIF((H62:L62),"<50"))+(COUNTIF((H62:L62),"=A"))) -> 1 | O62: =IF((N62<1),"0","1") -> 1 | P62: =COUNTIF((H62:L62),"=A") -> 1 | Q62: 89
A63: 56 | B63: 111625201180 | C63: YUVARAJ K | D63: G | E63: D | F63: M | H63: 97 | I63: 90 | J63: 77 | K63: 77 | L63: 67 | M63: =sum(H63:L63)/5 -> 81.6 | N63: =((COUNTIF((H63:L63),"<50"))+(COUNTIF((H63:L63),"=A"))) -> 0 | O63: =IF((N63<1),"0","1") -> 0 | P63: =COUNTIF((H63:L63),"=A") -> 0 | Q63: 100
A64: 57 | B64: 111625201181 | C64: PUVIYARASU B | D64: G | E64: H | F64: M | H64: 17 | I64: 73.333333 | J64: 77 | K64: 53 | L64: 83 | M64: =sum(H64:L64)/5 -> 60.666667 | N64: =((COUNTIF((H64:L64),"<50"))+(COUNTIF((H64:L64),"=A"))) -> 1 | O64: =IF((N64<1),"0","1") -> 1 | P64: =COUNTIF((H64:L64),"=A") -> 0 | Q64: 94
A65: 58 | B65: 111625201182 | C65: NADHI A | D65: M | E65: D | F65: F | H65: 57 | I65: 30 | J65: 50 | K65: 57 | L65: 80 | M65: =sum(H65:L65)/5 -> 54.8 | N65: =((COUNTIF((H65:L65),"<50"))+(COUNTIF((H65:L65),"=A"))) -> 1 | O65: =IF((N65<1),"0","1") -> 1 | P65: =COUNTIF((H65:L65),"=A") -> 0 | Q65: 100
A66: 59 | B66: 111625201183 | C66: SALA NAGA SAI SATYA ADITHYA | D66: M | E66: H | F66: M | H66: 50 | I66: 53.333333 | J66: 43 | K66: 0 | L66: 37 | M66: =sum(H66:L66)/5 -> 36.666667 | N66: =((COUNTIF((H66:L66),"<50"))+(COUNTIF((H66:L66),"=A"))) -> 3 | O66: =IF((N66<1),"0","1") -> 1 | P66: =COUNTIF((H66:L66),"=A") -> 0 | Q66: 100
A67: 60 | B67: 111625201184 | C67: GUDIPATI SPANDANA | D67: M | E67: H | F67: F | H67: 73 | I67: 57 | J67: 53 | K67: 80 | L67: 83 | M67: =sum(H67:L67)/5 -> 69.2 | N67: =((COUNTIF((H67:L67),"<50"))+(COUNTIF((H67:L67),"=A"))) -> 0 | O67: =IF((N67<1),"0","1") -> 0 | P67: =COUNTIF((H67:L67),"=A") -> 0 | Q67: 96
A68: 61 | B68: 111625201185 | C68: OMSAIVAMSI V | D68: M | E68: D | F68: M | H68: 27 | I68: 43 | J68: 50 | K68: 10 | L68: 53 | M68: =sum(H68:L68)/5 -> 36.6 | N68: =((COUNTIF((H68:L68),"<50"))+(COUNTIF((H68:L68),"=A"))) -> 3 | O68: =IF((N68<1),"0","1") -> 1 | P68: =COUNTIF((H68:L68),"=A") -> 0 | Q68: 91
A69: 62 | B69: 111625201186 | C69: NITHISH YADAV GUNASELAN | D69: M | E69: H | F69: M | H69: 50 | I69: 60 | J69: 23 | K69: 13 | L69: 50 | M69: =sum(H69:L69)/5 -> 39.2 | N69: =((COUNTIF((H69:L69),"<50"))+(COUNTIF((H69:L69),"=A"))) -> 2 | O69: =IF((N69<1),"0","1") -> 1 | P69: =COUNTIF((H69:L69),"=A") -> 0 | Q69: 94
C70: Total No. of Students | H70: =COUNT(A8:A69) -> 62 | I70: =COUNT(A8:A69) -> 62 | J70: =COUNT(A8:A69) -> 62 | K70: =COUNT(A8:A69) -> 62 | L70: =COUNT(A8:A69) -> 62
C71: Total No. of Appeared | H71: =H70-H72 -> 61 | I71: =I70-I72 -> 60 | J71: =J70-J72 -> 60 | K71: =K70-K72 -> 55 | L71: =L70-L72 -> 61
C72: Total No. of Absentees | H72: =(COUNTIF((H8:H69),"=A")) -> 1 | I72: =(COUNTIF((I8:I69),"=A")) -> 2 | J72: =(COUNTIF((J8:J69),"=A")) -> 2 | K72: =(COUNTIF((K8:K69),"=A")) -> 7 | L72: =(COUNTIF((L8:L69),"=A")) -> 1
C73: Total No. of Passes | H73: =H70-(H74+H72) -> 56 | I73: =I70-(I74+I72) -> 55 | J73: =J70-(J74+J72) -> 50 | K73: =K70-(K74+K72) -> 40 | L73: =L70-(L74+L72) -> 53
C74: Total No. of Failures | H74: =(COUNTIF((H8:H69),"<50")) -> 5 | I74: =COUNTIF((I8:I69),"<50") -> 5 | J74: =COUNTIF((J8:J69),"<50") -> 10 | K74: =COUNTIF((K8:K69),"<50") -> 15 | L74: =COUNTIF((L8:L69),"<50") -> 8
C75: Pass % | H75: =(H73/H71)*100 -> 91.803279 | I75: =(I73/I71)*100 -> 91.666667 | J75: =(J73/J71)*100 -> 83.333333 | K75: =(K73/K71)*100 -> 72.727273 | L75: =(L73/L71)*100 -> 86.885246
C76: Failed only in | H76: =COUNTIFS(N8:N69,"=1", H8:H69,"<50")+COUNTIFS(N8:N69,"=1", H8:H69,"=A") -> 2 | I76: =COUNTIFS(N8:N68,"=1", I8:I68,"<50")+COUNTIFS(N8:N68,"=1", I8:I68,"=A") -> 1 | J76: =COUNTIFS(N8:N68,"=1", J8:J68,"<50")+COUNTIFS(N8:N68,"=1", J8:J68,"=A") -> 0 | K76: =COUNTIFS(N8:N68,"=1", K8:K68,"<50")+COUNTIFS(N8:N68,"=1", K8:K68,"=A") -> 7 | L76: =COUNTIFS(N8:N68,"=1", L8:L68,"<50")+COUNTIFS(N8:N68,"=1", L8:L68,"=A") -> 3
C78: Overall Pass | H78: =COUNTIF((N8:N69),"=0") -> 32
C79: Overall Fail | H79: =(COUNTIF((N8:N69),">0")) -> 30
C80: Overall Absentees | H80: =(COUNTIF((P8:P69),"=5")) -> 0
C81: Overall Appeared | H81: =COUNT(A8:A69)-H80 -> 62
C82: Overall Pass % | H82: =(H78/H81)*100 -> 51.612903
C83: Highest Mark | H83: =max(M8:M68) -> 87.933333
B86: Hotel / D | C86: No. of H Students Failed | H86: =COUNTIFS(N8:N68,">0", E8:E68,"=H") -> 9 | I86: =(H73-H86)/H73*100 -> 83.928571
C87: No. of D Students Failed | H87: =COUNTIFS(N8:N68,">0", E8:E68,"=D") -> 20 | I87: =(H73-H87)/H73*100 -> 64.285714
B88: G / Mgnt | C88: No. of G quota Students Failed | H88: =COUNTIFS(N8:N68,">0", D8:D68,"=G") -> 11 | I88: =(H73-H88)/H73*100 -> 80.357143
C89: No. of M Students Failed | H89: =COUNTIFS(N8:N68,">0", D8:D68,"=M") -> 18 | I89: =(H73-H89)/H73*100 -> 67.857143
B90: Tamil / Medium | C90: No. of Tamil Medium Students Failed | H90: =COUNTIFS(N8:N68,">0", #REF!,"=T") -> #VALUE! | I90: =(H73-H90)/H73*100 -> #VALUE!
C91: No. of English medium students Failed | H91: =COUNTIFS(N8:N68,">0", #REF!,"=E") -> #VALUE! | I91: =(H73-H91)/H73*100 -> #VALUE!
B92: Girls / Boys | C92: No. of Girls Failed | H92: =COUNTIFS(N8:N68,">0", F8:F68,"=G") -> 0 | I92: =(H75-H92)/H75*100 -> 100
C93: No. of Boys Failed | H93: =COUNTIFS(N8:N68,">0", F8:F68,"=B") -> 0 | I93: =(H75-H93)/H75*100 -> 100
C95: Category | H95: GIRLS | I95: BOYS | J95: MGT | K95: GVT | L95: DAYSCHOLAR | M95: Hostel
C96: Total No. of Students | H96: =COUNTIF(F8:F68,"=F") -> 28 | I96: =(COUNTIF((F8:F69),"=M")) -> 34 | J96: =(COUNTIF((D8:D69),"=M")) -> 30 | K96: =(COUNTIF((D8:D69),"=G")) -> 32 | L96: =(COUNTIF((E8:E68),"=D")) -> 35 | M96: =(COUNTIF((E6:E69),"=H")) -> 27
C97: No. of Students Pass | H97: =COUNTIFS(N8:N68,"=0", F8:F68,"=F") -> 20 | I97: =COUNTIFS(N8:N69,"=0", F8:F69,"=M") -> 12 | J97: =COUNTIFS(N8:N68,"=0", D8:D68,"=M") -> 11 | K97: =COUNTIFS(N8:N69,"=0", D8:D69,"=G") -> 21 | L97: =COUNTIFS(N8:N69,"=0", E8:E69,"=D") -> 15 | M97: =COUNTIFS(N8:N69,"=0", E8:E69,"=H") -> 17
C98: No. of students failed | H98: =H96-H97 -> 8 | I98: =I96-I97 -> 22 | J98: =J96-J97 -> 19 | K98: =K96-K97 -> 11 | L98: =L96-L97 -> 20 | M98: =M96-M97 -> 10
C99: % of Pass | H99: =(H97/H96)*100 -> 71.428571 | I99: =(I97/I96)*100 -> 35.294118 | J99: =(J97/J96)*100 -> 36.666667 | K99: =(K97/K96)*100 -> 65.625 | L99: =(L97/L96)*100 -> 42.857143 | M99: =(M97/M96)*100 -> 62.962963

Sheet Overall
A1: R.M.K.COLLEGE OF ENGINEERING AND TECHNOLOGY
A3: R.S.M. NAGAR, PUDUVOYAL - 601 206
A5: Batch: 17 Date: 4.10.24
A7: I Semester B.E (Academic Year : 2025-26)
A8: IAT1 Result Analysis
C12: Dept. | D12: STUDENTS APPEARED | E12: STUDENTS PASSED | F12: STUDENTS FAILED | G12: PASS %
C14: AIDS | D14: =(COUNT('AIDS A'!A8:A69)+COUNT('AIDS B'!A8:A69)+COUNT('AIDS C'!A8:A69)) -> 186 | E14: =D14-F14 -> 94 | F14: ='AIDS A'!H80+'AIDS B'!H80+'AIDS C'!H79 -> 92 | G14: =(E14/D14)*100 -> 50.537634
B16: No. of Failures(Dept.wise)
B17: Dept. | C17: Maths | D17: Chem | E17: C++ | F17: SDP | G17: DPSD | H17: Total
B18: AIDS | C18: ='AIDS A'!H75+'AIDS B'!H75+'AIDS A'!H73+'AIDS B'!H73+'AIDS C'!H74+'AIDS C'!H72 -> 24 | D18: ='AIDS A'!I75+'AIDS B'!I75+'AIDS A'!I73+'AIDS B'!I73+'AIDS C'!I74+'AIDS C'!I72 -> 24 | E18: ='AIDS A'!J75+'AIDS B'!J75+'AIDS A'!J73+'AIDS B'!J73+'AIDS C'!J74+'AIDS C'!J72 -> 42 | F18: ='AIDS A'!K75+'AIDS B'!K75+'AIDS A'!K73+'AIDS B'!K73+'AIDS C'!K74+'AIDS C'!K72 -> 63 | G18: ='AIDS A'!L75+'AIDS B'!L75+'AIDS A'!L73+'AIDS B'!L73+'AIDS C'!L74+'AIDS C'!L72 -> 27 | H18: =sum(C18:G18) -> 180
B19: Failed only in | C19: ='AIDS A'!H77+'AIDS B'!H77+'AIDS C'!H76 -> 4 | D19: ='AIDS A'!I77+'AIDS B'!I77+'AIDS C'!I76 -> 3 | E19: ='AIDS A'!J77+'AIDS B'!J77+'AIDS C'!J76 -> 6 | F19: ='AIDS A'!K77+'AIDS B'!K77+'AIDS C'!K76 -> 20 | G19: ='AIDS A'!L77+'AIDS B'!L77+'AIDS C'!L76 -> 6 | H19: =sum(C19:G19) -> 39
B22: Dept. | C22: One Sub. failures | D22: Two Sub. failures | E22: Three Sub. failures | F22: Four Sub. failures | G22: Five Sub. failures | H22: Total No. of subjects
B23: AIDS | C23: =(COUNTIF(('AIDS A'!N8:N69),"=1"))+(COUNTIF(('AIDS B'!N8:N69),"=1"))+(COUNTIF(('AIDS C'!N8:N69),"=1")) -> 39 | D23: =(COUNTIF(('AIDS A'!N8:N69),"=2"))+(COUNTIF(('AIDS B'!N8:N69),"=2"))+(COUNTIF(('AIDS C'!N8:N69),"=2")) -> 30 | E23: =(COUNTIF(('AIDS A'!N8:N69),"=3"))+(COUNTIF(('AIDS B'!N8:N69),"=3"))+(COUNTIF(('AIDS C'!N8:N69),"=3")) -> 13 | F23: =(COUNTIF(('AIDS A'!N8:N69),"=4"))+(COUNTIF(('AIDS B'!N8:N69),"=4"))+(COUNTIF(('AIDS C'!N8:N69),"=4")) -> 8 | G23: =(COUNTIF(('AIDS A'!N8:N69),"=5"))+(COUNTIF(('AIDS B'!N8:N69),"=5"))+(COUNTIF(('AIDS C'!N8:N69),"=5")) -> 2 | H23: =(C23*1)+(D23*2)+(E23*3)+(F23*4)+(G23*5) -> 180
